DataType=double
version=3
OpenSimVersion=4.5.2-2025-04-07-2c9fc5bc9
endheader
time	thorax_tilt	thorax_list	thorax_rotation	thorax_tx	thorax_ty	thorax_tz	neck_flexion	neck_bending	neck_rotation	sternoclavicular_r1	sternoclavicular_r2	sternoclavicular_r3	Acromioclavicular_r1	Acromioclavicular_r2	Acromioclavicular_r3	shoulder_plane	shoulder_ele	shoulder_rotation	elbow_flexion	pro_sup	hand_r_Add	hand_r_Flex	sternoclavicular_left_r1	sternoclavicular_left_r2	sternoclavicular_left_r3	Acromioclavicular_left_r1	Acromioclavicular_left_r2	Acromioclavicular_left_r3	shoulder_left_plane	shoulder_left_ele	shoulder_left_rotation	elbow_left_flexion	pro_sup_left	hand_left_Flex	hand_left_Add
0	-3.167662638612666	-0.4705703796080278	0.677601058381513	0.2868277399227677	-0.1114515162515335	1.013479748493164	0.1216069122834088	-0.1269938421626401	0.004266334955865674	0.01025141691211049	0.3727551705195339	0.004390649094930098	9.785558756757001e-20	9.841578339245653e-20	9.897597921734325e-20	-2.91713115409229	-0.3260363024570408	3.157616099845441	1.195970189947125	1.04236868191567	-0.4394607036718036	0.01148792670197491	-0.2390068889706954	-0.1078635486613306	0.00208212705613707	-2.396462466679129e-19	-2.390860508430251e-19	-2.385258550181385e-19	-0.6444362595069316	0.5555849697025121	1.22327298639841	1.233699072030862	0.7258729162524514	-0.1234362913346915	0.3094560786036719
0.033	-3.168392256618743	-0.471542343492594	0.6854744518896896	0.2862767716059324	-0.1108609656332632	1.013442877377823	0.1269608408009864	-0.1226193839319197	-0.008431549913552026	0.009561588844044133	0.3713394020998763	0.006276472194856372	-1.231547865208941e-19	-1.184515337562192e-19	-2.945899086614117e-20	-2.919597067444305	-0.3137218038362352	3.152578600631219	1.189584350536316	1.043620355857143	-0.4388295181955512	0.008073080042268303	-0.2483918996998501	-0.09791806982511495	0.002949595522779044	-8.695716120755015e-19	-8.808363751733431e-19	-4.302777666646438e-19	-0.655776397154231	0.5349499420141612	1.229229917053654	1.246572736724335	0.7246615921450992	-0.1239162201310874	0.3103900509415563
0.066	-3.165473344753084	-0.4717474819785879	0.6844428303334177	0.2864210787751339	-0.1106875749547627	1.013178350337004	0.123473319718364	-0.1146910448956502	-0.02002046320852611	0.0095227744602275	0.3712087267075105	0.008134189300529619	-3.07646389944998e-19	-4.916790869040748e-20	-4.206208246641809e-19	-2.913803183204576	-0.3103924791331971	3.147982397221855	1.189507374267928	1.047127209666735	-0.4345467235210015	0.002608614148106031	-0.2510725687738099	-0.09238823047126211	0.003704744114048937	-6.222350326585469e-19	-1.062682237250378e-20	-3.681449745740252e-19	-0.661510999959789	0.527332148182056	1.230195970296527	1.254107925676337	0.7214231214847125	-0.1238988481683735	0.3114724348618914
0.099	-3.162981612885843	-0.4726655587749581	0.6839679909881992	0.2865155007994761	-0.1103346470775944	1.012937025266341	0.1176084779792414	-0.1052498638922297	-0.02770651588446014	0.007061299353750972	0.370726753838117	0.009833843725131099	-9.861284030550707e-20	-1.093508964686441e-19	3.683241655874567e-19	-2.908104689904278	-0.3096789737694294	3.145508325529384	1.188912963918923	1.049776818577391	-0.4296177274732725	-0.004018612751006297	-0.2520542197403786	-0.08789592631979438	0.004440558495891367	1.786654158106078e-18	6.812980283346827e-19	1.598944102367335e-18	-0.6644532307893335	0.5235625005810646	1.231037848188691	1.260155404575682	0.7160560825483165	-0.1240063359506392	0.3139325617886725
0.132	-3.161690429524239	-0.4737701692207302	0.685025426192038	0.286467372126489	-0.1100038031744417	1.012723990312837	0.1120625003612651	-0.09644606691821611	-0.03139264357950923	0.003483386233546362	0.3696370930185665	0.01142070971028499	-6.95268559103511e-19	-6.274315045671788e-19	-7.199993000258111e-19	-2.905215454085532	-0.3092682108530792	3.143903889773218	1.187671364805191	1.049015664243102	-0.4276714665038075	-0.01041245102090024	-0.2524146737063407	-0.08446843236791106	0.005181259144728447	-6.433849162975546e-19	-1.074341622213387e-19	-1.533205994321887e-18	-0.6646994105324592	0.5217442686321412	1.231815264491195	1.264538159384526	0.7089565307355308	-0.1245092722169734	0.3171803044171553
0.165	-3.161603193477988	-0.474550863045092	0.6866841128451304	0.2863512339628559	-0.1097972646265215	1.012585441430227	0.1083061762827312	-0.09007294377972259	-0.03317161965471382	0.0002188396085557928	0.3686179130889268	0.01294542168652475	9.918218618810522e-19	7.917719488628268e-19	-8.043702284758087e-19	-2.904922445551312	-0.3086673515878392	3.142923016397054	1.185856810325503	1.043220964888737	-0.4316769688970888	-0.01504468034282798	-0.2526466822196113	-0.08241654468237647	0.005929021101601088	1.098195291853801e-18	-2.497314588518715e-19	5.142954722598144e-19	-0.6631941049091492	0.5207637442941435	1.232110340728682	1.267096702280608	0.7012847438153741	-0.1251028739505703	0.3197645570477839
0.198	-3.162213319584408	-0.4749313084436361	0.6883256035700411	0.2862416603356733	-0.109713567729338	1.012543779892833	0.1065826880626981	-0.08703024667570618	-0.0348205410936676	-0.001850388537777426	0.3680993517405665	0.01442458016295745	1.567135455183852e-18	1.390231155848839e-18	2.595532541773105e-18	-2.905759318499837	-0.3080807772273708	3.142586256264226	1.184012424611936	1.033053816974727	-0.4413836860346903	-0.01792387885905316	-0.2530153434471132	-0.08170657640225079	0.006674357801826522	2.3919748491694e-18	1.094838134530358e-18	1.031418564526623e-18	-0.6610229649859081	0.520103976234615	1.231785605936974	1.268147136940821	0.6943496516334569	-0.1254219233152149	0.320396212805014
0.231	-3.162903560669458	-0.4751131265067959	0.6898600082880681	0.2861717297025997	-0.1097043934654526	1.012582858643426	0.1061056099918688	-0.08690139114212966	-0.03686776352255018	-0.002568296566538847	0.3682702221322513	0.01586979495740131	2.841659442790939e-19	8.358123829580124e-19	1.478452855748732e-18	-2.90624846319204	-0.3077045086407397	3.142798320309247	1.182889981506835	1.021172378262293	-0.453188734622795	-0.02062415521187493	-0.2535828553287176	-0.08174939924980278	0.007416556754190012	5.079608815788099e-19	-2.503918976347318e-19	-1.116375748508671e-18	-0.6587166698620683	0.5196605010857366	1.230895564347315	1.268268550541418	0.688973584203564	-0.1254973184509663	0.3185896215173848
0.264	-3.163192751255068	-0.4754627123815213	0.6912785880424005	0.286167364027595	-0.109690744781879	1.01262021311151	0.1056593599213491	-0.08781129589702368	-0.03883639033617284	-0.002431036317709842	0.36918822158154	0.01731195115158579	-1.666027461965912e-18	-7.836046504937457e-19	-3.469053592047537e-18	-2.905529682818645	-0.3075125481497955	3.143212475669111	1.182863603989443	1.010095759131694	-0.4626753506024348	-0.02468093770603839	-0.2541837690714817	-0.08155653962993328	0.008174181115147613	-2.56595069178764e-19	-2.451657991663391e-18	-2.391124593625698e-18	-0.6564732326647079	0.519439545505609	1.229548056666295	1.268295916224592	0.6850277265686675	-0.1259273839360511	0.3145582146633162
0.297	-3.162794062708201	-0.476239047153474	0.6925584855072214	0.286247456221537	-0.1095838658485881	1.012580593346331	0.1040449039097465	-0.08738729574017827	-0.03978721866201187	-0.002162357794673558	0.3704326689481249	0.01878878869611031	1.404431419015152e-18	6.339356541262494e-19	1.913242071031429e-18	-2.90370769993952	-0.3074567242453488	3.143434194191524	1.183728836110469	1.000756607196664	-0.467612655308546	-0.03024213560118934	-0.2545724557221541	-0.08039910312610818	0.008970821119504186	5.586247322949044e-19	9.694737932427429e-19	2.137169266442625e-18	-0.6548345215968477	0.5194305826754615	1.227944123725773	1.269255643814078	0.6807375673024352	-0.1283865889412717	0.3092238004986323
0.33	-3.161734722765039	-0.4774463946176284	0.6937939819861375	0.2864000639737009	-0.1093671668169741	1.012470210735833	0.1003969588614544	-0.08415155829130806	-0.03892981820538517	-0.002275991213927862	0.3712116682707368	0.02030751296134355	1.331164252764715e-18	1.5396978220764e-18	1.545893674151777e-18	-2.901665795381554	-0.3075532831363862	3.143364121643021	1.184749828653432	0.9929192186411813	-0.4688929418608605	-0.03599838535926703	-0.2544954040888145	-0.07824852346866429	0.009806848423059657	1.120564431046255e-18	7.456685647044272e-19	2.225914943352751e-18	-0.6549143016460405	0.5196359361207539	1.226593472277949	1.271974738856422	0.6727110458106743	-0.1356246294203442	0.3041127393498894
0.363	-3.160373080527683	-0.4789762274239284	0.6952303430046682	0.2865787678058748	-0.1091582448932147	1.012341250569399	0.09482397730133717	-0.07825413142457407	-0.0362735123602084	-0.002938810630765235	0.3711705616703908	0.02182947933821114	-8.914861332311893e-19	9.795684355717654e-19	1.293606967240189e-18	-2.900018201999169	-0.3078310357260509	3.143302813553069	1.185242590615921	0.9864065561260973	-0.468506619987649	-0.04030926022888584	-0.2538672007613012	-0.07552513144530743	0.01065098967658745	-1.384419096518838e-20	-9.29597362112025e-20	-1.219377336569826e-18	-0.6575274526293516	0.5199951753815804	1.226236539597473	1.276392800739879	0.657468982270573	-0.150064967115394	0.3005421394210347
0.396	-3.159213915864589	-0.4805812162774869	0.6970198090039266	0.2867041063033607	-0.1091208848329513	1.012245566277817	0.08861077183291155	-0.07135500134466552	-0.03306624197524211	-0.004070261711438785	0.3707911897109198	0.02329443119938457	-5.395338253746714e-18	-2.502581236049268e-18	-3.465170896193668e-18	-2.898598008343102	-0.3082703420666206	3.143542613258061	1.185263855065917	0.9815032345018254	-0.4673513997013996	-0.04244815276318781	-0.2531527620953047	-0.07272156951606758	0.0114597724366526	4.729892629457669e-19	2.019177363886025e-18	-1.151579793582647e-18	-0.661932527099548	0.5202179012504862	1.227180410199145	1.281201593599199	0.6334056483394011	-0.1720326354560685	0.299096712927135
0.429	-3.158696517718496	-0.4818170373977253	0.698985861307176	0.2866932390396404	-0.1092724300077508	1.012224972087657	0.08312532571264124	-0.0657363034017289	-0.03088473940378562	-0.005467065717096473	0.37063024136666	0.02465895207739566	1.060196396190065e-17	4.02741571449028e-18	6.410683786962958e-18	-2.897379744051643	-0.3087021886204404	3.143897771566036	1.185236659957244	0.9782340223594209	-0.4657479736799071	-0.04278481363805935	-0.2530711932806138	-0.07024332516838461	0.01220333923541682	1.187059986952195e-18	1.649321182028502e-18	-2.64593821853807e-18	-0.6658964647490813	0.5199521297904075	1.228898689551925	1.284565834649816	0.6021300945016872	-0.1988809233284133	0.2997723786891667
0.462	-3.159048953475336	-0.4821832136271653	0.7007344834592732	0.2865081485949038	-0.1094555960223889	1.012319022074276	0.07850759342927804	-0.06323198257831801	-0.03019091688604752	-0.006735110989899394	0.3706611891675626	0.02591747533356708	-7.249387375197151e-18	3.220529264738101e-18	-8.484993706395608e-19	-2.897126076899297	-0.3089531992033959	3.14401114999131	1.18535676732884	0.976079277187714	-0.4644089755795558	-0.04217770390314719	-0.2536484252304137	-0.06846085616542866	0.01287927569977014	2.52171084978987e-19	3.957861881369611e-19	5.830096604901992e-18	-0.6674197620876281	0.5191307292811533	1.230487172063592	1.285234596912136	0.5683924002932503	-0.2258067176310856	0.3022133149490902
0.495	-3.160139881794317	-0.4813699692158679	0.7019731064954668	0.2861999195512703	-0.1095347669900671	1.012540902569596	0.07402139844425185	-0.06448270901164367	-0.03033892221144489	-0.007273291108442234	0.3707039424570509	0.02709903110564309	6.585372641472983e-18	-4.914571313859151e-18	-2.227576947654872e-18	-2.898529149484211	-0.3090315317408701	3.143941288269824	1.185849760590895	0.9746559879834366	-0.4636478952312879	-0.04137657191045387	-0.2540276220336274	-0.06770539553668198	0.01351058550930844	-1.623176485409736e-18	-7.016929703006155e-19	-5.41312454860257e-19	-0.6661283961840269	0.5179745674225111	1.231374489709619	1.2829960748293	0.5377966150816571	-0.2483495803749391	0.3061792361470262
0.528	-3.161365992884176	-0.4796243361429229	0.7026605413149924	0.2859362152043893	-0.1094998712212837	1.012814077246441	0.06968290836392661	-0.0686876216630007	-0.03033627731144124	-0.006675399058942541	0.3709572235469679	0.02825439939963573	-3.919726819939326e-18	3.5867362046629e-18	5.645946399943947e-18	-2.901057623277852	-0.3088741605388863	3.14402778640071	1.187003453809825	0.9739725087665005	-0.4633116448146226	-0.04089063551091363	-0.2534567943440327	-0.06790304461363823	0.01413244232255158	6.434114658305467e-19	1.364718280360868e-18	1.354729669691673e-18	-0.6627892345174317	0.5167859061727696	1.231474791494224	1.27866427422168	0.5138837026247226	-0.2646324364102466	0.311994104541732
0.5610000000000001	-3.16195918324112	-0.4778192104435035	0.7028368563292334	0.2859095440683006	-0.1093853659155087	1.013004420148259	0.06658485754105785	-0.07420974992045583	-0.02944040369416362	-0.005192475184229651	0.3718521796122954	0.02944009286082731	-6.139102990101195e-19	7.669385544699428e-19	-1.278274507746942e-18	-2.903062029894362	-0.3082856924181622	3.144423391515674	1.188501201656319	0.9738842666025458	-0.4638327241585867	-0.04131785398271416	-0.2521797475072776	-0.0684348730608208	0.01477647113039292	1.302070875562562e-18	-2.903651005929826e-19	-2.203653773758293e-19	-0.6581667662422194	0.5157948089038948	1.230804412099411	1.273719301025991	0.4972429854988507	-0.275359855656846	0.3201495525952496
0.5940000000000001	-3.161690807704144	-0.476787285836208	0.7025232860339023	0.2861512299202632	-0.1092434513465381	1.01306137332226	0.06533018694486895	-0.07979777311070499	-0.02773146271448021	-0.003620321892939986	0.3735010273634988	0.0306984681847876	-1.342371721064153e-18	-2.22741985752235e-19	2.069730512751432e-19	-2.903177637639746	-0.307398173392482	3.144889221246876	1.18929604203739	0.9739844067263479	-0.4656370682306361	-0.04320641321059879	-0.2512084072391542	-0.06852589140814479	0.01546326249326663	-1.344819040441859e-18	-8.727047587186113e-19	-1.088848288000512e-18	-0.6527395447839104	0.5148875978042979	1.22933697054005	1.269497394132149	0.4867318178512757	-0.2821087493035253	0.330209671922644
0.627	-3.161024809215865	-0.4767058968491554	0.7018711272181204	0.2865119332454842	-0.1091652985829923	1.013044429974547	0.06507514595295791	-0.08498161443591684	-0.02590675928521405	-0.002760376415764683	0.3754092468425624	0.03203843561352506	4.023865859795828e-18	1.53822603502835e-18	1.671079467482018e-18	-2.901378040999453	-0.3067451122178897	3.145109484426512	1.188526225404354	0.9742002648852749	-0.4675372603460952	-0.04637252676637297	-0.2514272541498604	-0.06760403403425394	0.01620012080130173	5.559623627952028e-19	4.373320383946248e-18	9.375454696388657e-19	-0.6468395638762022	0.5136544752675131	1.227262049323114	1.266619369358552	0.4811002215050885	-0.2858537662544535	0.3402800796573239
0.66	-3.160495982745006	-0.4772608353342229	0.7011084157770351	0.2868165130293095	-0.1092038043823688	1.013001568393702	0.06483233739630921	-0.09001325597694942	-0.02451652684198688	-0.002910400881794854	0.3768584540734772	0.03343485531977575	-8.82974829274208e-19	-1.261778246952409e-18	1.527747288463891e-18	-2.898638364946899	-0.3066634594729739	3.145062884896396	1.186511798644438	0.9750355930561441	-0.4670516097604469	-0.04987643365731596	-0.252903358946335	-0.0656685711545352	0.01698105379463354	3.946406131740572e-19	-1.54636149003761e-18	-2.564982560921253e-19	-0.6408348805083971	0.5121025658397586	1.225033772010897	1.264951979117067	0.4795619266480282	-0.286697829815174	0.3482380832345772
0.6930000000000001	-3.160302253677431	-0.4779831508151471	0.7003470103426949	0.2869569045083721	-0.1093079542287858	1.012945018007295	0.06496920267848177	-0.09529948252822297	-0.02386954573791126	-0.003688479708768139	0.3774897847608001	0.03484806588266012	7.791890038503746e-19	4.194838020802139e-19	7.136627790624649e-19	-2.896304533926149	-0.3069975695639234	3.144905515114964	1.184446173794002	0.976932145125345	-0.4631883904644199	-0.05238695517504526	-0.2548628290101574	-0.06350277560428016	0.01778841774286618	9.92937936237956e-19	2.850168808871097e-18	1.106287901667221e-19	-0.6354230939795921	0.5108937458854836	1.223076883395446	1.263718972919897	0.4813066201899913	-0.2844436124754819	0.3535294248676502
0.726	-3.160340208000572	-0.4784145649419023	0.6997044373298059	0.2869389698668212	-0.1093761916615257	1.012916668503945	0.06656733993342857	-0.100512452870289	-0.0242412145789439	-0.004310394044916011	0.3774219676184332	0.03625167627015195	2.165393501413969e-18	1.375383685327495e-18	1.054240151355629e-18	-2.895643163680034	-0.3074126793776712	3.144675479000865	1.183001803535086	0.9795438152706161	-0.45819406457645	-0.05260939815409938	-0.2563331342729945	-0.06209646302894663	0.01860190705741724	1.666934165759985e-18	1.00206078636543e-19	1.046567950793625e-18	-0.63156426045476	0.5105882109028875	1.221730724117184	1.262000839972355	0.4851586737877431	-0.2793990617327528	0.3572350927171486
0.759	-3.160227114058972	-0.4784335921263993	0.6994300880310315	0.2869151036349756	-0.1093305827165214	1.012950164411029	0.06996930343048455	-0.1042880008027885	-0.02553968641874754	-0.004102936975844564	0.3769270255849372	0.03766369386170058	1.248694022514048e-18	1.316756721395908e-18	7.848904542389596e-19	-2.897057051736546	-0.3076297881852612	3.144357521961196	1.181922250591434	0.9820229540243954	-0.4551934785574009	-0.05049601963307945	-0.2567899813150789	-0.06179743119455178	0.01942465312449561	3.266115178838767e-19	9.24377362556466e-19	2.22640464097411e-18	-0.6301014591200906	0.5111754131587608	1.221548953266923	1.259772862862006	0.4894829272451037	-0.2731084600528558	0.3609667858748933
0.792	-3.15957870291577	-0.478236525289778	0.6996555328725191	0.2870610163510071	-0.1091777444399466	1.013041478971168	0.074165632321106	-0.1052371379315218	-0.02716066411012755	-0.002911077087029341	0.3763555956923053	0.03914469397892724	-4.102553863639422e-19	-9.242287523933039e-19	9.296896115210939e-19	-2.899601386285112	-0.3075061125007561	3.144034425640837	1.180874186634255	0.983837890260328	-0.4546055340414133	-0.04777533007908541	-0.2563431194782753	-0.06218376737733451	0.02029435331224626	2.558850459749736e-18	-2.553917510425723e-18	9.304322468647834e-19	-0.6313443176255058	0.5123841016648237	1.223213267128131	1.258446411320953	0.4919652085223252	-0.2686110700275263	0.3657407377477407
0.8250000000000001	-3.158457729297577	-0.4778780720692323	0.7001997714848787	0.28739570218278	-0.1090528733097686	1.013188883115767	0.07713648552500353	-0.1032511325460395	-0.02852772170144861	-0.001296386810448406	0.3763358575872255	0.0407478985213774	1.956002905714852e-18	8.341713032894116e-19	-2.57369319964139e-18	-2.901609996877208	-0.3071372275403331	3.143803637565196	1.179754617063697	0.9847982522553511	-0.4537656222095437	-0.04639696166569653	-0.2556387060446937	-0.06257313181593581	0.02125138578311237	-6.443121885931985e-19	-1.080204282024999e-18	-2.582466480015422e-18	-0.6346245574394727	0.5139907413488225	1.226827234871757	1.260385923416976	0.4900220105421371	-0.270008385369864	0.370434471166197
0.8580000000000001	-3.157262266160498	-0.4772515996201604	0.7007768960335303	0.2877789695000629	-0.1091004714008897	1.013357428358438	0.07753393983346366	-0.09967135342741394	-0.02914474844223772	-0.0003422922971639179	0.3773105931635092	0.04248670885233479	-4.538569614014172e-18	-1.655182688158208e-18	2.883476183645433e-19	-2.901869723575063	-0.306693767253372	3.143650015590941	1.178428598154667	0.9845685014712564	-0.449718656099206	-0.04708906399765726	-0.2552851662643753	-0.06253079249043744	0.02230865951164058	-1.396647833498431e-18	1.811013874851152e-18	6.015091825838966e-19	-0.6387168403759912	0.5159287268432117	1.231698862771587	1.268463383547915	0.4819452202759968	-0.2814066461617191	0.3709340751368241
0.891	-3.156238329922643	-0.47627618060833	0.7011623621813444	0.2880317465115321	-0.1092585040496352	1.013479150532648	0.07639974961427536	-0.09613423797844048	-0.02836656384882136	-0.000753404652376167	0.3787653469290012	0.04434316062743857	8.499620613326503e-19	1.328496347497264e-18	9.342285423685482e-19	-2.900456191618409	-0.3062714029920933	3.143508782344291	1.177006905747038	0.9828509265569388	-0.4419819748293456	-0.04975727018919648	-0.2549505648243286	-0.06220852698532963	0.02345199845790292	-9.546142734991459e-19	3.608862804471725e-18	1.137770677297459e-18	-0.6434399529095238	0.5183576321853073	1.237291936826205	1.285769721922599	0.4676343492960587	-0.3052261085140804	0.3615386065316407
0.924	-3.155371867022854	-0.4749847811957329	0.7011232530958708	0.2880278742858174	-0.1093055271088222	1.013545680418081	0.07633745696866849	-0.09325033202340102	-0.02617207173838933	-0.002076688774512749	0.3794854614869699	0.04626225936106669	-2.155600840121633e-18	-1.06919170496831e-18	-8.804630964330722e-19	-2.898709311604706	-0.3060332916074675	3.143422383182894	1.176016963055543	0.9799631081369357	-0.4325719567559004	-0.0541647224311303	-0.2533292037931033	-0.062402873578329	0.02463718071533315	1.120698593908863e-18	-4.750032121906322e-18	-6.006940202172882e-19	-0.6500024780835851	0.5215234115105891	1.244212297212229	1.31415000083111	0.4478222419964287	-0.3405209958270807	0.3374297832891516
0.9570000000000001	-3.154756220252716	-0.4738402236338213	0.7004674953518685	0.2877597422163071	-0.1091409172413808	1.013608173901754	0.07856855408474051	-0.09038717421896494	-0.02365559826476553	-0.003278808899273718	0.3786065633605986	0.04812930273025439	9.330776579099693e-19	-1.120770847313433e-18	-2.003059033656686e-19	-2.898262810086211	-0.3062547793070298	3.143506366989887	1.175731598949699	0.9767447878349244	-0.424076014835458	-0.0594148701847837	-0.2492253702742822	-0.06371281537113374	0.02577501607588089	-4.563642116034344e-19	1.689591696768966e-18	-2.151697828970912e-18	-0.6587663747066039	0.5252086257629252	1.254099341683439	1.352055644516508	0.4218056074170204	-0.3823463932404357	0.2966220976163083
0.99	-3.154780642883976	-0.473672658897197	0.6992342278699217	0.2873667530640275	-0.1088606025484614	1.013687384538629	0.08169544942030549	-0.08640158835809887	-0.02196705288422453	-0.003724798770529853	0.3761021388929364	0.04980499329899643	3.88826383612569e-19	3.228880900397113e-18	4.083969782163255e-18	-2.900163002595164	-0.3070156639311767	3.143726909367254	1.175891461453072	0.9740082168835854	-0.4185008523034383	-0.06326552409559577	-0.24244766458176	-0.06536136546573383	0.02675680459415877	4.11832395794714e-19	-3.499392609023929e-18	4.976092669287563e-20	-0.6678160692768792	0.5281939753110894	1.268948482736858	1.394248816843589	0.3861810907928615	-0.4227953146531749	0.2418751668956663
1.023	-3.155700103283607	-0.4751064185421264	0.69765929559288	0.2870723064719201	-0.1085842139495944	1.013713407974416	0.08386270296848125	-0.08055054694979931	-0.02130135030869052	-0.003205501999769931	0.3723674663715082	0.05122462069699527	2.70821332440044e-18	5.212248544363342e-18	2.750824055535495e-18	-2.904696795729016	-0.3079370010420666	3.143868252203228	1.176287668961234	0.9723809269456455	-0.417143117486498	-0.06299111078647553	-0.2339401391897838	-0.06544377979556938	0.02753014517647671	1.673491155386719e-18	-7.070123668965019e-20	2.501975074192109e-18	-0.6748823479950008	0.5287043788093172	1.290639233666654	1.434412897013677	0.3369704948115719	-0.4542183379198707	0.1818181654261067
1.056	-3.157159230840536	-0.4781910353320246	0.695846579259271	0.2870433258983802	-0.1083473111764593	1.013568638088859	0.08483612494924357	-0.07292241155841871	-0.02148606745062624	-0.00167358839272562	0.3678626800260518	0.05243350839654933	-2.677239887623868e-18	-6.135093199231372e-18	-4.782290614558264e-18	-2.911059918488433	-0.3085763908272368	3.143889459247369	1.177028302873496	0.9726729524757838	-0.4199442922646114	-0.05746391780154884	-0.2252713125601072	-0.06254002785032452	0.02812898040505899	2.356834261068662e-18	-8.737034281894711e-20	-2.166523801453208e-18	-0.6798736805834916	0.5257939878975579	1.320336123460908	1.468273527966606	0.2727000855548843	-0.4733436573564653	0.127856029272821
1.089	-3.158358626895281	-0.4821863515448762	0.6936092968387813	0.2872497344069331	-0.1081599555228729	1.013237688203094	0.08546557101393669	-0.06394372678700519	-0.0230679896815622	0.0008840413060365766	0.363378994245299	0.05350082386104636	-1.042595580041276e-18	5.85355609772901e-18	4.958350255560568e-18	-2.91717867956687	-0.3089653313920406	3.144173990874509	1.178352403837341	0.9760761574224983	-0.424277041289045	-0.04836835819091205	-0.2175877377283207	-0.05683922381190082	0.02861171795978586	1.733579989379255e-18	4.436092326396181e-18	1.242953129857801e-18	-0.6848504594212991	0.5203361822977877	1.357403288266947	1.493978984057255	0.1951217392671106	-0.4821571690785247	0.08790800693655017
1.122	-3.158706776226631	-0.485754367277737	0.6908314029536149	0.2874763928148372	-0.1080770309994774	1.012863665230743	0.08626825399605409	-0.05390162633400401	-0.02707831828533989	0.004344207110055027	0.3600739087208419	0.0544494804040612	-1.744819333034774e-18	1.232887151931463e-18	1.568652105382026e-18	-2.920883298839877	-0.309256864513112	3.145067167999092	1.180424235064686	0.9831831485753906	-0.4255649275576953	-0.03933785284753909	-0.2111273309726067	-0.05014186565220854	0.02900560508084109	2.335579033294083e-18	6.627521214820522e-19	9.921068335783102e-19	-0.6919866031691245	0.5149276790915599	1.398637165933409	1.510720831840289	0.1088528376775915	-0.4850883039110773	0.06294481664760684
1.155	-3.158193740428566	-0.4879945250320604	0.6877095382643671	0.2875333895127459	-0.1081288893793775	1.01258007884904	0.08717387570712151	-0.04351077907325883	-0.03345627841325323	0.008093703215093027	0.3586187296970738	0.05527449251707709	-3.306316379728742e-18	-2.647802061383512e-18	-1.01567077111286e-18	-2.92124348904751	-0.3092428178625601	3.146226144122932	1.183029669040132	0.9927833964733819	-0.4210211441428736	-0.03365837231042303	-0.2059740912955605	-0.04509710014170978	0.02930960713673067	-3.207262436956965e-18	-1.875090470200545e-18	-1.356799306271607e-18	-0.7017632308963926	0.5127685858211685	1.439290426413103	1.518769575524898	0.02090545620830002	-0.4861746201874413	0.04822056094601371
1.188	-3.157166987347901	-0.4889402800300527	0.6848099986270232	0.2874012439808094	-0.1082291271458421	1.012406381374614	0.08804634647519671	-0.03443330141471567	-0.04029434081749895	0.01127750264430765	0.3583917725279636	0.05598792003412907	-4.167681340465051e-18	-3.718791782146564e-18	-2.171202564275268e-18	-2.919179456303023	-0.3087504046845942	3.146971767206883	1.185502167305867	1.002911412386459	-0.4122347667813208	-0.03198552762793463	-0.2024528979451376	-0.04362498438119535	0.02952392752991038	-1.744255309867378e-19	-5.024261371802037e-19	-3.224820180108649e-18	-0.7126860128553275	0.5157144668713954	1.475505028416876	1.519875010921815	-0.06191235515793801	-0.4871274519466591	0.03740192958250278
1.221	-3.155994963026006	-0.488816825983634	0.6829492570836647	0.2871695702109836	-0.1082567011994419	1.012353111589468	0.08852700619382231	-0.02795146996804312	-0.0450094333325493	0.01334330365239673	0.3580484683252363	0.05661825845668678	-2.997762360220536e-18	-9.81200882098769e-19	-1.067408212165426e-18	-2.916859540162727	-0.3081084843164449	3.147039936119462	1.187137400232344	1.012424119269287	-0.4032545608689612	-0.03239741041446657	-0.2007171802820264	-0.04548006369230524	0.02965591588879828	1.682318085582206e-18	1.06774228739679e-18	2.378926800368604e-18	-0.7224849895932948	0.5228120463020159	1.505619055957708	1.516384084725679	-0.1364481103323969	-0.4869977094689122	0.02647699503016984
1.254	-3.154926110516054	-0.4876960360960916	0.6825582588929189	0.2869538014409944	-0.108174263098856	1.01243387126521	0.08756621219986047	-0.02389385007254755	-0.0462862622326481	0.01424139777664752	0.3567208956697619	0.0571992943747234	-1.559446873223933e-18	-1.524086626188875e-18	9.131166937996843e-20	-2.916293716065014	-0.3077536447333304	3.146609266220635	1.187807372900706	1.020975257943404	-0.396892193713913	-0.03235571202884846	-0.2005025870885052	-0.04879218225812035	0.02972124718495498	1.787871201178867e-18	1.852127139730744e-18	-1.768392157114127e-18	-0.7298526400718736	0.5310877703167278	1.52962697831796	1.510635664462935	-0.2027931386838708	-0.483896650683476	0.01453827869346648
1.287	-3.154103170454216	-0.4859660288828693	0.6832185836718372	0.2868367376898389	-0.1080234496067813	1.012576492664697	0.08412316984270819	-0.02086253451895409	-0.04465703726679606	0.01423572688817411	0.35467278872993	0.05776127343360809	-1.363048654381818e-18	1.045932341470495e-18	1.008120839986543e-19	-2.917938508892426	-0.3077011194230423	3.146122976203601	1.188149385170817	1.028597538077744	-0.3933251904754785	-0.03049800053838459	-0.2010117416736743	-0.05198522633490902	0.02974267870135433	-1.661252421186979e-18	-5.422427649320953e-18	-5.01600610869287e-18	-0.7352585858212787	0.5379234484542644	1.548316404596425	1.505008496618199	-0.2611423783166337	-0.4769953317869163	0.002221099716899711
1.32	-3.153692358392724	-0.4844705688655496	0.684184394411948	0.2867924020570249	-0.1078817650305572	1.012654338115896	0.07897445503433001	-0.01826024314008021	-0.04114432929518735	0.01398015764628207	0.3530195751919651	0.0583357180833899	-7.887314352093238e-19	3.134155072724809e-19	2.070429287340016e-18	-2.920686987767241	-0.3075298664901048	3.145969596486604	1.188988675152481	1.035880697516062	-0.3910952119774811	-0.02718219737260549	-0.2010567402626527	-0.05467975529380549	0.02975189882319934	-1.031925251247137e-18	-5.73590727425872e-18	-1.67995125956188e-18	-0.7400987534340137	0.5425980448539252	1.562867221425025	1.501429864687744	-0.3106088214867856	-0.4671673107588001	-0.00959438634578362
1.353	-3.153969275249021	-0.4839087306807289	0.6848859732289472	0.2867184560554474	-0.1078233908136051	1.012593082744134	0.07480895661413751	-0.01685735103149367	-0.03663744543041315	0.01418642746047551	0.3527909209711649	0.05895272487585517	4.096613599036995e-18	7.529121697275514e-19	-3.390624979533508e-20	-2.923276559025888	-0.3069078398888495	3.146165616551428	1.190508314058997	1.043629466105515	-0.3889141896790573	-0.023166498316992	-0.1999596987702522	-0.05712094311618794	0.02978014377400804	-1.689390638401474e-18	-9.894810879417978e-19	-4.863885675308976e-18	-0.7451682382553552	0.5459534203367314	1.574484401528133	1.500644909362549	-0.3502017090673138	-0.4560146445517722	-0.02041262408169861
1.386	-3.15514106853285	-0.4840843238429517	0.6847013463019591	0.2865755911176022	-0.1078944978980884	1.012445014672368	0.07343567328910236	-0.01717128267158469	-0.03309815844960864	0.01504030592428213	0.3543128266643262	0.05962189725917087	5.551492480743026e-18	1.24308717274164e-18	8.025082166864594e-19	-2.925135046175963	-0.3060182894729823	3.146404083246439	1.192131856449545	1.051539454907086	-0.3871273045392454	-0.01838415370842989	-0.1983972522480813	-0.05949490591219172	0.02983193704942962	-1.191134796149209e-18	2.265793958443354e-19	-5.103560170924246e-18	-0.750028896518542	0.5490972702396061	1.584070900197825	1.502072443093305	-0.3799272775137966	-0.444380707955709	-0.03090121087744369
1.419	-3.157149126884672	-0.4839535985887367	0.6831055574411251	0.2864086636657847	-0.1081071523557181	1.012372371469688	0.07373576892516641	-0.01903055151462207	-0.0335652360232102	0.01617076634074865	0.3573099071211657	0.06033406414429541	2.644920357545759e-18	-6.579568091305375e-19	2.015078967003613e-18	-2.925979085001983	-0.3053580726955019	3.146439220958118	1.193189927676729	1.057725143699574	-0.3871700082305857	-0.01290169218679937	-0.1978092009188709	-0.06177047552844101	0.02988496975866791	1.913105372651433e-18	-1.596195841246881e-18	-2.46040797692032e-18	-0.7536033955228423	0.5524151201875739	1.592358828155277	1.50435024772471	-0.401329238580582	-0.431775361833799	-0.04300182962979213
1.452	-3.159668954130635	-0.482580424550381	0.6803031282277965	0.2862500587228181	-0.1083875008080992	1.012512064714226	0.0730094389732467	-0.02235892797912556	-0.0396914473345094	0.01718210799413702	0.3611914678052018	0.06108154376494138	5.240526456743953e-18	1.112469318132823e-19	-2.307933669283275e-18	-2.92572210744813	-0.3052020127559051	3.146233530299046	1.193563565804456	1.06029981280688	-0.389790339740604	-0.007796466974961006	-0.1989543206001041	-0.06387527418597451	0.02992093871170632	2.681385144474639e-18	4.227795570866426e-19	-1.465255136623073e-18	-0.7552742227129505	0.5554816457853826	1.600124127302487	1.506334304161074	-0.417368477835976	-0.4168464398986728	-0.05869432580209918
1.485	-3.162111466397786	-0.4802225482058816	0.67736934074734	0.286115762844874	-0.1085884438028453	1.012791712727638	0.0699200955424991	-0.02687487819625726	-0.04947081041551081	0.01790676757629624	0.3649542140614022	0.06184817248169226	-1.225497381982603e-17	4.338062314960688e-19	-3.274955971069444e-18	-2.924888263646384	-0.3054300218456124	3.145893919457628	1.193840995882231	1.059276509613033	-0.3941082360107903	-0.004245484772775318	-0.2012315289391317	-0.06590586098285414	0.02993068549865012	3.349896413082055e-19	2.008326216358153e-18	8.978959117653046e-19	-0.755570403261337	0.557804133753799	1.608109194363573	1.507806114813196	-0.4316326400906523	-0.3985315667806779	-0.07838495950437908
1.518	-3.163804539534254	-0.4782648919942938	0.6754980247532896	0.2860560755378195	-0.1086153737853896	1.012944411459304	0.06558583117858191	-0.0318340425869323	-0.05822673197403049	0.01817047280148139	0.3672037177757124	0.06260036782200827	6.450873515448932e-18	-1.848931724616317e-18	-1.246653439475973e-18	-2.924264249163854	-0.3057818738930135	3.145623474814209	1.194922444340879	1.05656110976952	-0.397961946640745	-0.002733393706701854	-0.2032678015769006	-0.06812584829631475	0.02990291369831976	3.549592135599274e-19	1.945233554940071e-18	1.471022408226961e-18	-0.7558177070941017	0.5597253576677517	1.616725141790854	1.509097402898611	-0.4467769222576118	-0.3773433248167398	-0.1003230854660925
1.551	-3.164441226023777	-0.4777984190944126	0.6752216709813618	0.2861084753847585	-0.1084857489275639	1.012784405493635	0.06236409761269966	-0.03668003454190359	-0.06225160563742036	0.01798591171498725	0.3669073890905916	0.06332815018968521	-2.545874587274793e-18	-2.165842230171489e-18	-4.722999857121555e-18	-2.924348569094767	-0.3060713426941329	3.145560343457318	1.197089041358186	1.054806219517467	-0.3995470713548973	-0.002974491559884435	-0.2038814521991401	-0.0706669762670169	0.0298445611136886	3.340853871979628e-18	2.510754680314366e-18	1.464462208110259e-18	-0.7572826985460213	0.5623335546399669	1.625857036108654	1.510406037481059	-0.4626961927366445	-0.3557741713959672	-0.1218053890807456
1.584	-3.164209295450987	-0.4788883132721742	0.6765290420443691	0.2862493890826296	-0.1082940758787859	1.012367953741832	0.06245736304187984	-0.04145080620088695	-0.06071652832561131	0.01785799852361152	0.3642707656737465	0.06408288262566574	-3.243702066296685e-18	-1.187428162734726e-18	-4.325460205315284e-18	-2.925416422779364	-0.3062145300316007	3.145661301870997	1.199549932049762	1.056418680669508	-0.398571014731994	-0.004163976857117006	-0.2024872406339372	-0.07304300413575625	0.02980462939417741	-9.936101928381695e-19	-5.42692210130196e-18	-1.543926211016031e-18	-0.7605906077863348	0.5663386138483736	1.635156445305348	1.51179932540392	-0.4765823864592746	-0.3373530566342521	-0.1412238658290141
1.617	-3.163532905998268	-0.4811506954989932	0.6791395368379707	0.2864317053982792	-0.1081444483317086	1.011885827433141	0.06652398830872421	-0.04651712597028684	-0.05431778640872368	0.01812612039680515	0.3607384663136389	0.06495011239980956	-2.219421758050897e-18	-2.295987635639415e-18	2.031093752197664e-18	-2.927409190549679	-0.3061730515253971	3.145785114975162	1.201349379737067	1.062386756729375	-0.3953856009068866	-0.0058922751371556	-0.1991433403437458	-0.07414962651182228	0.02985199221231524	1.006339833680525e-18	1.687889086036012e-18	-1.276213925809142e-18	-0.7653142665677821	0.5714208582131449	1.644288570770812	1.513265703004367	-0.485597222098331	-0.3249098596373606	-0.1587038951327518
1.65	-3.162878163948534	-0.4839367747088335	0.6822528975111334	0.2866115844934802	-0.1081007965415941	1.011524361112396	0.07300465019896872	-0.0518130686203766	-0.04440023022295909	0.01836756382670943	0.3578868039904387	0.06598196154748526	-2.26124831712002e-18	-1.24718560629552e-18	3.468682390961997e-18	-2.929594089259611	-0.3059635435475137	3.145845189432734	1.202309553506132	1.071389825975652	-0.390494409108633	-0.008183827969844341	-0.1946196729425943	-0.07323816934250767	0.03001902318872677	1.536641471704019e-18	7.47339643608124e-19	-1.653152498406231e-18	-0.7699590346241757	0.5767124206714487	1.652641378320252	1.514333344526353	-0.48918913240346	-0.3195101533338846	-0.1750401374577373
1.683	-3.162619962958405	-0.4861856845693786	0.6845744869751538	0.2867535324831756	-0.1081924273031162	1.011379718557468	0.07949280179801635	-0.0566535188574847	-0.03386693494790791	0.01791124517688835	0.3562220426125399	0.06715870786700809	1.953343002387218e-18	-2.425233113512372e-18	-3.550087682842259e-18	-2.930954044078416	-0.3057406342510912	3.145814299054954	1.202619636363712	1.080003399618801	-0.3859198297226288	-0.01036798636216132	-0.1901735633024723	-0.07077399971494396	0.03026490115316252	-2.299388135679429e-18	1.597320132888992e-18	-8.522011081899561e-19	-0.7727447265606029	0.5814426936665391	1.659300563128191	1.513999053332703	-0.4888908681850435	-0.3204417984153518	-0.1908294594124878
1.716	-3.162850896699317	-0.4870783721437362	0.6851316263882211	0.2868533962475993	-0.1083955037350458	1.011413052992628	0.08434316548739955	-0.06026251018607594	-0.02654978506707527	0.01662623853856597	0.3551120373382244	0.06840450838507402	1.526716253860551e-18	5.634856912107507e-18	1.310551449455087e-18	-2.931144832667478	-0.3057395337771242	3.145636150371461	1.202103565664346	1.084107033622789	-0.3854154486139112	-0.01139821445559613	-0.1868799903032973	-0.06801879931451156	0.03049125686717218	-3.961541622057895e-18	-6.115747696434516e-18	-3.001797055579416e-18	-0.7726553515402876	0.5850922366377656	1.663639822045228	1.511475049273071	-0.4870470348627313	-0.3255040134805001	-0.2060590525000171
1.749	-3.163338353879254	-0.4866851320876978	0.683971372871133	0.2869460214570273	-0.1086291527172534	1.011513811404034	0.08705847727636114	-0.06259397065346181	-0.02465411829705572	0.01498012996972439	0.3537421376596749	0.06962479491253008	-4.47481763390134e-19	1.518947615660935e-19	1.6851429324715e-18	-2.930808967326549	-0.3060371068338135	3.145289598143231	1.200366421771676	1.081063428673401	-0.3919979144944121	-0.01102332592617493	-0.1850322071305682	-0.06594781463158463	0.03059259344611683	8.19843173707108e-19	3.533095843894205e-18	7.466475301633112e-18	-0.7698851610904435	0.5873973087533588	1.665729548996627	1.507230089968409	-0.4859636620698714	-0.3318770737747613	-0.2198407733929678
1.782	-3.163732348911714	-0.4856029294504755	0.681996804450812	0.2870786126717256	-0.1088419056120016	1.011627255606318	0.08813028290818982	-0.0642137670888832	-0.0277324043651191	0.01344279079703047	0.3520327971559794	0.07073098942796566	1.080595994997645e-18	6.963810175366888e-19	3.289923743422247e-18	-2.930882111470904	-0.3064875749364554	3.144920254193284	1.197216511946068	1.071206254596	-0.4056452705535651	-0.009230897946822495	-0.1841926522857749	-0.06464353996650765	0.03049566390250861	2.162177167847815e-18	5.860979056872993e-18	3.769645812311336e-18	-0.7652980186341806	0.588467369527188	1.66629940522519	1.503166231599415	-0.4873365932341922	-0.3376309322529463	-0.2308585797031187
1.815	-3.163763145999583	-0.4842434247447995	0.6804403042953595	0.2872681990759512	-0.1090414219875996	1.011797197914093	0.08880363616395921	-0.06520557608396084	-0.03416834833169925	0.01225576089825131	0.3506938507975174	0.07165992728283328	2.300071782520254e-18	2.061836712080966e-18	-1.064386225466977e-18	-2.931740985729832	-0.3069778285301094	3.144821766749981	1.192964001496231	1.057779631758913	-0.4231523636167687	-0.005318926064385191	-0.1837406195894697	-0.06362857736878748	0.03017811001190464	-2.961398119331801e-18	4.205089210353569e-18	-7.523063118336964e-19	-0.7598264321299872	0.5887207919066541	1.666463775615673	1.501569535423081	-0.492410380160651	-0.3423528045178853	-0.2378914461478238
1.848	-3.16328065859013	-0.4827268497712757	0.6802744345402646	0.2874884035050618	-0.1092278464692202	1.012067187657525	0.09063443534846666	-0.06492143277286795	-0.04279612333653327	0.01168238772917249	0.350335406178476	0.0724020297995704	-3.931232683063609e-18	-2.61906122248112e-18	-6.475334106195548e-19	-2.933150260282232	-0.3074974655218302	3.14514113626525	1.188772425963171	1.045176535398513	-0.4397545473949763	0.001369362608823262	-0.183473557198353	-0.06264817412835992	0.02967731023308497	-3.408895681528042e-18	-2.975672282921133e-18	-2.730529065461437e-18	-0.7546036852900149	0.588557215492103	1.667039641444525	1.504068731192682	-0.5028206727342216	-0.3461932662948977	-0.2398995397650497
1.881	-3.162260417393052	-0.4812272225920038	0.6816395488204018	0.2876880709403425	-0.1093654243046076	1.012391998116336	0.09433456241276564	-0.06302368328674721	-0.0526700656888677	0.01189837391013144	0.3508114414887049	0.07301078651066176	-2.24819295220934e-18	-2.284662688310944e-18	1.816640972522743e-19	-2.934679219272528	-0.3079291494676791	3.145676292684837	1.186319421437639	1.036482321346089	-0.4513719312223681	0.0100487196249379	-0.1837966029257585	-0.06198379175252032	0.02907465298722554	1.578491678579276e-18	1.926856608660538e-18	1.95443062570809e-18	-0.7508796698598768	0.5882779806957932	1.667728763161705	1.51165867859277	-0.5203179534597145	-0.3486100383870117	-0.2362876893819094
1.914	-3.160896347820125	-0.4801589592081568	0.6838694750283604	0.2878025074920077	-0.1094130620105686	1.012679031887	0.09885726591526632	-0.06028511995720972	-0.06144768088459505	0.01262919684983202	0.3516010595094564	0.07359262315559809	-3.482084254037617e-18	-3.356174844683339e-18	-2.823438014333355e-19	-2.935816458291832	-0.307944285253315	3.146095881056917	1.18666623678803	1.032701664112406	-0.4557169088741889	0.0180468575632004	-0.1851145745880222	-0.06216464427145449	0.02847819369090025	6.649642277594939e-18	-2.303622128761777e-18	2.279496197198797e-19	-0.7491960874257981	0.5884598269334034	1.667017624734689	1.525093693351554	-0.5446056633787406	-0.348131653368952	-0.2275568698657478
1.947	-3.159759339059036	-0.4798207769066608	0.6859182115567842	0.2877690702636442	-0.1093792541264724	1.012888267125652	0.1021596829341011	-0.05808809462615266	-0.06565523004115301	0.01324481323322546	0.3523255034950566	0.07431671581221207	-1.578304999313309e-18	-1.585862390641713e-18	-2.72324659567139e-19	-2.936242713914083	-0.3071224032350087	3.146109584424369	1.1896806006881	1.032890189690987	-0.4523643580746222	0.02184773842609563	-0.1873007344998794	-0.06340466190369748	0.0280358093577219	-9.124121480173907e-18	-2.112644741712639e-18	-2.33617029289334e-18	-0.7489266837550711	0.5899458397284377	1.663029449137097	1.544477700210148	-0.5718110944511766	-0.3438834763956173	-0.2158185739245229
1.98	-3.159671021252001	-0.4797827777495732	0.6868026652316969	0.2875508015974506	-0.1093557073014922	1.013079318819678	0.1028480239833395	-0.05726774305690201	-0.06390025222055115	0.01313541394978518	0.3528312199438013	0.07538471202056693	-1.202221647882256e-19	-2.24894764183843e-19	7.681304404007891e-19	-2.936203573765275	-0.3054681106446386	3.14558733177093	1.194327919637245	1.034551693570667	-0.442618768129629	0.01952176469639126	-0.1901647900876915	-0.06536382460192713	0.02791259497041778	-5.207730906922849e-18	1.018330381820879e-18	6.267576670347674e-18	-0.7489721087231715	0.5930849458892546	1.654422501159434	1.56892502387411	-0.5956553137863997	-0.3378949082391567	-0.2049695858459349
2.013	-3.16105933051196	-0.4791797888617144	0.6864645015081451	0.2871461539609774	-0.1094577792228739	1.013320121915398	0.1017187028746482	-0.05772610955268281	-0.0582639001569711	0.01212564806819593	0.3532152676827787	0.07691940075002048	-3.551214879909016e-19	2.831422042694198e-18	1.807359896855886e-18	-2.936254838691854	-0.3035849635442139	3.144793917538356	1.199259542828077	1.035916825078574	-0.4284658379402477	0.01307025611170873	-0.1940236122163721	-0.06757159060946813	0.0282043554357137	-8.838169763669364e-19	-1.11495089709799e-18	5.146919425413948e-18	-0.7487139449714513	0.5973935889918979	1.640781990603005	1.597959605307679	-0.6097635568191586	-0.3351006137238076	-0.2004765517190455
2.046	-3.163505885363727	-0.4777402552141681	0.6860601508991762	0.2865804027421981	-0.1096869574809928	1.013593171849083	0.1019992118252804	-0.05880736910359508	-0.0516356515838701	0.01066837544241458	0.3538500335012703	0.07888236682756565	1.7021257727242e-18	-1.169049322417181e-18	6.63958487483793e-19	-2.936753919066514	-0.3021981969260814	3.144234341310896	1.203364012944362	1.038297444108761	-0.4112317250523849	0.007832664999880478	-0.1991093299295623	-0.06964666631500699	0.02887841584038533	-4.436985446561152e-19	-3.049697849491677e-18	-2.093263381317729e-18	-0.7479387954937778	0.6021949305635771	1.622919880148049	1.632919011788507	-0.6103194681708796	-0.3402274004728259	-0.2067422312932929
2.079	-3.166026498800344	-0.4760205788946982	0.6867523786766225	0.285895105425496	-0.1098791406346492	1.013849837457028	0.1068448356528508	-0.05972399496177062	-0.04492816644795637	0.009520012758189225	0.3550717589621512	0.08108602201259649	-1.144143374259172e-18	-2.705404920119178e-18	-3.463547683858014e-18	-2.937650098190919	-0.3016616769395516	3.14423859588343	1.206081329092199	1.045381423268038	-0.3918810516763367	0.008723401302907319	-0.2044863071510184	-0.07122740816954246	0.02977755976169565	2.055789939947515e-18	-2.4009807478209e-18	1.910985835745699e-18	-0.7458988699353419	0.6073778286269855	1.602330221368099	1.67503520379001	-0.5978688630539695	-0.3546396775120338	-0.2227553265759149
2.112	-3.167788254637675	-0.4747497549132553	0.6886607152789964	0.2851378645701794	-0.1098690548843844	1.014076802666573	0.1166906072395301	-0.05991181469104374	-0.03695671358938182	0.009101079567538672	0.3567117552509089	0.08328824454030009	5.748648903857839e-17	5.155076869779343e-16	-2.319174797476882e-19	-2.938565030209678	-0.3018260887437051	3.144712408807944	1.207478882781551	1.059888050762229	-0.3725064882574083	0.0171641926488685	-0.2084825347890459	-0.07221287148776685	0.03067910495695677	2.078329611820546e-18	-5.141541436884278e-19	2.070619716696305e-19	-0.7407707319247	0.6134798199896051	1.579517835616379	1.722496726093221	-0.5761306733639115	-0.3754377582077044	-0.2415810218237424
2.145	-3.168710262131226	-0.4743278856109158	0.6910265446100389	0.2843808711907325	-0.1096901041941505	1.014251569478231	0.1295164039906175	-0.05906558421143981	-0.02632136593845372	0.009050494272584943	0.3580246654600756	0.08533748835775976	1.381693500560559e-16	5.782733634851762e-16	-8.888693717324446e-19	-2.939280280410822	-0.3022288992132187	3.145171398663192	1.208197613219401	1.080444651195752	-0.3565675787499144	0.0310282099961317	-0.2104809098515913	-0.07297896512678018	0.03140780531672235	3.862458580394909e-18	9.224757938768896e-19	3.934962617384202e-18	-0.7306732036158632	0.6213593482063159	1.553386724481466	1.771926259266485	-0.5492043439593292	-0.3973824828855209	-0.2548433972995769
2.178	-3.169276670421842	-0.4749040125328747	0.6927592078895297	0.2837972169408892	-0.1095648652869283	1.014231965698987	0.1423189136802097	-0.05706286172884388	-0.01335524962564301	0.008488486193985487	0.3580754948133386	0.08724099191909036	4.077567517556004e-18	1.615345286760494e-16	-1.645398710492508e-18	-2.940023473975128	-0.3025411179250471	3.145206159889194	1.208926799301947	1.101306671046329	-0.3472337582793642	0.04625039217437893	-0.2114960099921523	-0.07470156101484013	0.03190709997556095	-4.041896980478329e-18	4.355875519855213e-18	-4.492468424155542e-18	-0.7158847518907568	0.6322063011931718	1.522419846904302	1.822567183328683	-0.519801056971821	-0.4166786060203106	-0.2575650525837861
2.211	-3.170023840943014	-0.4762852372330564	0.6929529749665321	0.2836504421881337	-0.1097720618419622	1.013788312818768	0.1515763662350714	-0.05425276145700407	-0.0003966444114412802	0.007035440147480684	0.3562811405109	0.08908765104933052	-2.804960787255896e-16	4.44081397347389e-16	6.399238533919707e-19	-2.941317180722654	-0.3028474194285114	3.144881349212851	1.209643331104957	1.115876586011703	-0.3458601310399652	0.05893128581662398	-0.2124458276017679	-0.07992903445632862	0.03220554277587575	-3.986434619157426e-18	-5.118782051099744e-18	-4.324356871143727e-18	-0.699947239343428	0.6472726158306097	1.486243059741691	1.876541186705524	-0.4899345546827503	-0.4333183742418101	-0.2496603859387478
2.244	-3.171710744728416	-0.477298306062463	0.6912827100176187	0.2841222913386992	-0.1105834310937924	1.012820631212112	0.1530735472543298	-0.0518012890742547	0.01027854707309388	0.005245846561077477	0.3528557790111321	0.09093992707412883	-8.656450930877172e-16	-8.428249953872424e-16	1.268349320977601e-18	-2.9440765286489	-0.3032604640703556	3.144459304713205	1.209448233924898	1.121301899384394	-0.3513599475108277	0.06702315443416178	-0.2121480303926758	-0.09236851401350209	0.03236050670483828	-7.878538233303915e-18	2.122837907402549e-18	-1.604843761781459e-18	-0.6880412344774943	0.6669145916255501	1.446470849467142	1.935340191429972	-0.4624654918702592	-0.4499871590731563	-0.234514496261883
2.277	-3.175405666203694	-0.4759947433952501	0.6880787434299338	0.2851984193617947	-0.1122735734123791	1.0114002623075	0.1426792644012586	-0.05138234603818362	0.01862207970611872	0.003706843742143878	0.3486798113480981	0.09275978570969984	-1.358463550701017e-15	-7.203455604432228e-16	4.499603944603841e-19	-2.949505122740803	-0.3036320960078066	3.144140237817565	1.207015684769175	1.119998594373865	-0.3596568539744682	0.0703401970000201	-0.2077486869571717	-0.1151136150389981	0.03239888731382992	1.09916798031305e-19	-2.415276641164552e-18	6.620683537958298e-19	-0.6833226506533853	0.6903494896835957	1.405796310641719	1.997910614667435	-0.4399787272847032	-0.4688909457944525	-0.2170700554250667
2.31	-3.181804927793222	-0.4711052581544601	0.6839372047518443	0.28670563851937	-0.1150341996544002	1.00963307607624	0.1185881803977996	-0.05439496520662299	0.02570185256916281	0.002262277389657326	0.3447341884296701	0.09437754604409201	-1.338616941417128e-15	-9.290345152761368e-16	7.071686117420922e-18	-2.957988819664647	-0.3039355967756438	3.144190314369859	1.201543880279527	1.117298696696335	-0.3645029997208185	0.0690632203548148	-0.1973131493175305	-0.1483416809244388	0.03224407479913715	-8.320109707233847e-19	-3.367886977833829e-18	-6.186265149676345e-18	-0.6845213320947662	0.7162745902766401	1.366219716724942	2.060827542874969	-0.4225686199032375	-0.4891390303065576	-0.201488200119071
2.343	-3.190671487669091	-0.4630442735981029	0.6792309370632298	0.2883848076081681	-0.1187572220196416	1.007673671382533	0.08298722534680614	-0.0613114257657412	0.03112377462782349	0.0003970358946811816	0.342031644168843	0.09557390216152478	-1.489499895333991e-15	-1.211842672296683e-15	-2.692783408747601e-18	-2.968096525669069	-0.3043584362453313	3.144837854098316	1.193481453197431	1.11755567160328	-0.3606387722482062	0.06247102283040337	-0.1816498176800146	-0.1883894219817395	0.0317321292461215	3.804207744293767e-18	-2.780286013694922e-18	-6.638141677982351e-18	-0.6874561714376833	0.7432764945330321	1.328872312478446	2.119193562342369	-0.4082062356123742	-0.5069788202618697	-0.1885202864862744
2.376	-3.200973795584749	-0.4535246850425455	0.674387125103743	0.2899897454601361	-0.122922422749954	1.005766559190357	0.04145326979235409	-0.07147641512396646	0.03310872185840964	-0.001983533280691268	0.3418467425028746	0.09626614429791022	-1.178279067709067e-15	-1.129011553244092e-15	4.94753608890963e-18	-2.977209411818018	-0.3049007179453964	3.145958537733964	1.183979607041728	1.122532837419697	-0.3463807682274112	0.04994899090563439	-0.1638932669845407	-0.2298728246666076	0.03077650131979622	3.608002972485527e-18	-8.508019908390491e-19	-3.473252031236019e-18	-0.6885058766643215	0.770378302919117	1.295027300859905	2.169203864163393	-0.3947632131956498	-0.5186869436326067	-0.1755841797491679
2.409	-3.211303151430277	-0.4444837515546826	0.6703967467406072	0.2913606882055644	-0.1267393005410798	1.004107023851017	0.0009461067484478891	-0.08349859541502894	0.03115947511780107	-0.004599894455523117	0.3450366444561362	0.09658447456897876	-1.328356643422452e-15	-1.872309349377616e-15	5.885584401558782e-18	-2.983287173650598	-0.3053310536356977	3.147088300832648	1.174134035139308	1.133011752172622	-0.3236483692805307	0.03360566310101741	-0.1478206717455287	-0.2684606916311981	0.02947640723227863	3.307793977733742e-18	-6.837313161142458e-18	-3.077550017512023e-18	-0.6855044144679212	0.7972173818925048	1.265494808948725	2.21017666041391	-0.3814385431268604	-0.5231967869848134	-0.1602981493456794
2.442	-3.220225846092645	-0.4373207704223188	0.6685415175638233	0.2924191535666734	-0.1295026144919257	1.002675315474086	-0.03261986572757242	-0.09547469055482789	0.02852365659717791	-0.00755902546734658	0.3510100140672049	0.09675589398697901	-1.521371909317601e-15	-1.851985353891919e-15	7.588529512831465e-18	-2.986283990133402	-0.3055433103301226	3.1477094584073	1.164832440501956	1.149765335240548	-0.2969804241729441	0.01888036333405955	-0.136191516262536	-0.3017950077982315	0.02802159837643554	1.054061575611352e-17	-2.628963014965714e-18	-9.074402201783305e-19	-0.6766159927929902	0.8238991119872325	1.239779694274606	2.243605288220283	-0.3687629167080669	-0.5223141300920059	-0.1427501161577514
2.475	-3.226572689654994	-0.4325897353461762	0.6695702189980844	0.2931502321166195	-0.1309815021211425	1.001325465466279	-0.0568398419413166	-0.1052882582426895	0.03029812735085219	-0.01161353245768289	0.3579581428702447	0.09695912804413026	-1.788341823433946e-15	-1.828287973999271e-15	1.346939073875169e-17	-2.987655973357387	-0.3056326868713525	3.147670982816568	1.156623804943028	1.171860313598019	-0.271771483308105	0.01110239156181339	-0.1299284312386166	-0.3294447854939493	0.02652862716237022	1.025454479151581e-17	1.153037010507812e-18	-1.193355873436753e-19	-0.6607061003410037	0.8510834194983909	1.216943579114034	2.271245003581304	-0.357047980979292	-0.5190948085870601	-0.1239593432624743
2.508	-3.231173904100507	-0.4290218548611002	0.6722266518239255	0.2934955735042288	-0.1315173902731143	1.000075108114257	-0.07303220802515953	-0.1127513281592524	0.04055187512223183	-0.0165943495979351	0.365298529438436	0.09744745019333154	-2.392909916376489e-15	-2.044183695705423e-15	-7.138502415587887e-18	-2.988926073246542	-0.3057528103253155	3.147115983907957	1.150386157132181	1.195035255512597	-0.2516974983836803	0.01080377144915143	-0.1287937650890028	-0.3534313386146626	0.02512199802881854	-4.455530326656374e-18	1.502850640307742e-18	-2.125947568932451e-19	-0.6391490193810092	0.8792232546511456	1.196702184082239	2.294382017580813	-0.3460915191074863	-0.5156002547436608	-0.104245366804087
2.541	-3.232004418130162	-0.4278112562045639	0.6752599155666317	0.2934671148623306	-0.1313609970167764	0.999322473561702	-0.08353938229530355	-0.1186654878523518	0.0536521874316565	-0.02176355111267703	0.3702925983216303	0.09787571134689076	-2.088248197499088e-15	-2.425408872692749e-15	-3.452962656997846e-18	-2.98894684947814	-0.3060085189958855	3.147073556552493	1.146588474293684	1.213181500839574	-0.2379058268604572	0.01368895646343942	-0.1291617442015992	-0.3542179194433706	0.02353152160393069	-4.345301781634867e-18	1.590611180207575e-18	3.59739553125711e-18	-0.6117787073779397	0.8995783040025691	1.173770332574136	2.315578787568696	-0.3360579217066619	-0.5144483908050471	-0.08527147009228213
2.574	-3.23270554649889	-0.425600782550392	0.6774297180296397	0.2930854110204314	-0.1312924430612384	0.9989476270631846	-0.09022007744459283	-0.1256411225761214	0.06755654348874846	-0.02639430547699312	0.3741275219485617	0.0984725488584904	-1.237302870543305e-15	-3.075813503592704e-15	5.759661763852681e-19	-2.988343967469074	-0.3060448513700379	3.146719900641621	1.145406968045783	1.222741070576161	-0.2303878636491201	0.01540674276800729	-0.1308513141604918	-0.3518991944082246	0.02191894499149361	-3.461301498694482e-18	-3.955841826114655e-18	-1.14267574545854e-19	-0.5840122135321959	0.9151837834332974	1.15131611953568	2.335170125954271	-0.3292547799778707	-0.513984932513298	-0.06629206037782709
2.607	-3.234873350528269	-0.422447450549961	0.6784777207453737	0.292491378660664	-0.131484533486593	0.9988655405729215	-0.09267539443378363	-0.1350452208491787	0.0820121080851825	-0.0297891099751213	0.3770061237374534	0.09926831480694416	-1.400188384210719e-15	-2.861867059195476e-15	1.88384187319631e-17	-2.98816280042347	-0.3059459675179269	3.146261612329537	1.146128022772025	1.224837047970594	-0.2281446955006498	0.01462303434798457	-0.1327590281283975	-0.3504338790665338	0.02035043696031791	7.018425250952551e-19	-2.183529582592142e-18	1.50697970306108e-17	-0.5591594886096916	0.9278692097346776	1.131868514340591	2.35333151921566	-0.3266920412357704	-0.5133618086676101	-0.04656947880269581
2.64	-3.238379198889153	-0.4199197043815163	0.6788667875800125	0.2919237981890648	-0.1318295172504243	0.9988872365259794	-0.09055267716743751	-0.1455944187220285	0.09771988263069908	-0.03194352289259976	0.3783268650794639	0.1002425793612769	-1.36121074824873e-15	-3.777459197764507e-15	8.600515897279906e-16	-2.989279349715983	-0.3058067693267838	3.145813891638036	1.147638684081533	1.223045508273279	-0.2290693657423016	0.0122423472342137	-0.1336661173380998	-0.3493326107977047	0.01885172572751481	1.55021497979317e-18	8.773462164744455e-20	3.413282053434863e-17	-0.537724966765742	0.9390151853267423	1.116236502207026	2.369702899952413	-0.3273548918923154	-0.5123728353217013	-0.0264856840364671
2.673	-3.242458626070617	-0.4189891741819733	0.6789880996466247	0.2915349154714588	-0.132180202239195	0.9988591603803365	-0.0852060856532625	-0.1548637735542054	0.1152509189920906	-0.03330828954625183	0.3779957305620691	0.1013105232586737	-1.218954589163355e-15	-3.959217783642137e-15	8.839722576561681e-16	-2.991999899161896	-0.3058079251836793	3.145436706663976	1.149335455648105	1.22075792478713	-0.231018056809742	0.01026433637197016	-0.1337889593800308	-0.3485893371670001	0.01738273727389674	-9.849054903445903e-20	3.621004449193943e-18	1.702755278662875e-17	-0.5189049367547891	0.9496508726812036	1.104364782406081	2.383272428136698	-0.329279022859033	-0.5104147663637644	-0.008138877544720686
2.706	-3.246340564880293	-0.4197128315256221	0.6791517786841728	0.2912713638401281	-0.132412513842567	0.9987123579805884	-0.07804634013146425	-0.1616259725258588	0.1342027205547771	-0.03426816627952473	0.3764866336363043	0.1023641131202764	-1.018723682029666e-15	-3.882507333574291e-15	8.571888391853923e-16	-2.996065233723042	-0.3060461514926159	3.145189701724744	1.151367129972052	1.220015378170522	-0.2324984067277061	0.01124948469048944	-0.134383669829943	-0.3483050395447341	0.01586764932040516	-2.739536264616933e-19	-1.276807442826488e-18	-1.220042278006796e-17	-0.5014846213019394	0.9595000458810639	1.095112827733652	2.393114780946957	-0.3303620500473995	-0.5067669495056525	0.006009789084583337
2.739	-3.249806654350323	-0.4218775851686867	0.6795164448572338	0.2909864101911941	-0.1324718865371755	0.9984093666458602	-0.06942064477046488	-0.1662331348679838	0.1537553614037149	-0.03476376584712047	0.3743496344753813	0.1033155796551285	-1.262151237794976e-15	-3.819943643220544e-15	9.965614939424265e-16	-3.000966593094637	-0.3064592503513572	3.145133812774763	1.154249121197044	1.222866682113335	-0.2323922175629686	0.01714197445071072	-0.1365239526252911	-0.3484490896783637	0.0142435328882638	-2.116168466473382e-18	-3.469186514249396e-18	-2.664137083542718e-17	-0.4841241340766833	0.9678630839617008	1.086760656908968	2.399168857911666	-0.3289455032114084	-0.5017290742760694	0.01499088003046223
2.772	-3.252928966852022	-0.4252729070254999	0.6798682258275081	0.2906216914125335	-0.1323966793394989	0.9979705026269634	-0.05941002267418904	-0.1691969981725401	0.1731785504056051	-0.03427911264069025	0.3720109600705191	0.1041237510925337	-7.146704814187794e-16	-4.332411579863145e-15	1.169758169012798e-15	-3.006194318246945	-0.3069181474087544	3.145245802737462	1.158185061423858	1.231190785500023	-0.2303293618967292	0.02784033645573132	-0.1402928597870417	-0.3488500115668957	0.0124770205237158	-2.140627692061349e-19	-3.334637399052975e-18	-5.193677648946305e-17	-0.466119106623349	0.9746483057993282	1.078091103157398	2.402437594781148	-0.3244163085709662	-0.4966773975161231	0.01957620365142834
2.805	-3.255564627567268	-0.4293229711730275	0.679653899689651	0.2902479492160724	-0.1322980322211769	0.9975302151875469	-0.04877020515339498	-0.1706846269139543	0.1914021136230074	-0.03228176154038315	0.3698115394692069	0.1047774007944762	-8.392828475245259e-16	-4.062533667573393e-15	1.169762395539918e-15	-3.011343671047503	-0.3073168732675844	3.145401467607302	1.162714552099978	1.244981676607033	-0.2271652513388365	0.04161066325165957	-0.1450110567859197	-0.3494201878716005	0.01053960571048295	-3.164942536572809e-19	1.00656214282328e-18	-6.431416484746224e-17	-0.4480037282140938	0.9797892059156561	1.068726865737206	2.404234918161631	-0.3173347532653257	-0.4926332967076921	0.02170763647701946
2.838	-3.257509910625388	-0.4330214319103426	0.6784967534337769	0.2899707739210178	-0.1322707931690243	0.9972657160698705	-0.03894331643528544	-0.1709980978885051	0.2069700607250728	-0.02881219726752582	0.3680229130735698	0.1052715606722974	-7.496799964981948e-16	-5.026836317094091e-15	1.174317278801234e-15	-3.016177375024301	-0.3075857572255113	3.145460726052088	1.166913990095253	1.261881790982393	-0.2245081808091811	0.05640449625778927	-0.1499612328077739	-0.3501135333575532	0.008391434695266202	-2.367899626607144e-18	-4.710233969691872e-18	-9.66396244164202e-17	-0.4311819301270544	0.9826263876627325	1.05885968185503	2.405508508115395	-0.3086684060211899	-0.4894494846023919	0.02358679674656633
2.871	-3.258960713890538	-0.4355462988710239	0.6764962153884839	0.2898181350687062	-0.1322763790831783	0.9972319145783676	-0.03094333444236998	-0.1707991151918437	0.219056521567377	-0.02461882818605794	0.3669619466840317	0.1056330166742804	-9.715533726041397e-16	-5.0076167364581e-15	1.609961758418853e-15	-3.020818233960315	-0.3076526072205284	3.145322143933458	1.170042149382597	1.277952538033309	-0.2240162047142052	0.07017770260356383	-0.1546333024931907	-0.3506460225676128	0.006018429915740376	-6.120639151334952e-18	-1.453576977173935e-17	-1.158450928545887e-16	-0.4173155907605117	0.9829325488635364	1.049060108418108	2.407022413846204	-0.2986920591990321	-0.4864968516552575	0.02612581835729146
2.904	-3.260578554576767	-0.436734253550729	0.6740095508668612	0.289699428582477	-0.1321779066895723	0.9973275102546579	-0.02405344223113916	-0.1708618168555386	0.2281593841457786	-0.02057894144383052	0.3667702229170894	0.1059632424119357	-1.782143123917795e-15	-4.889417428297795e-15	9.543614857722216e-16	-3.02585232438231	-0.3074932938052145	3.14497643682784	1.172368657205734	1.289287939852344	-0.2266533040156808	0.08145877186263285	-0.158477630080223	-0.3506155087897696	0.003494294529378536	-7.959678759963472e-18	-1.062556557159733e-17	-1.277882699818883e-16	-0.4077809984748817	0.9819574181050168	1.040151956071215	2.409331145079686	-0.2872048604991552	-0.4838332929571603	0.02859516154291539
2.937	-3.263016774598799	-0.4368505872550055	0.6715769945644517	0.2894957820323541	-0.1319399135706178	0.9974674584017871	-0.01629485094943013	-0.1716253833955602	0.2355977739841419	-0.01707831963051493	0.3670020871307862	0.1064209815643108	-2.016576729709477e-15	-5.249740354363831e-15	9.569054042204467e-16	-3.031759952006084	-0.3071879075049403	3.144548900791322	1.175227093384141	1.294350650742024	-0.2318756974731254	0.09013619904097966	-0.161211263323819	-0.3499262248496555	0.0009806619686146397	-4.779061802022028e-18	1.240915455498639e-18	-1.288724768704618e-16	-0.4028215726458595	0.9814272145103576	1.033100088642675	2.411993236455107	-0.2752379778212123	-0.482748169428283	0.03035475761702601
2.97	-3.266285105539995	-0.4363559704602805	0.669753892406807	0.2892149748664964	-0.131725231602781	0.9976635596019066	-0.006852132399484966	-0.1731606290374003	0.2423181516670979	-0.01399754475036413	0.3668592509558585	0.1071504147019935	-2.691690135331646e-15	-5.468238812274545e-15	1.127637617790109e-15	-3.037830635385255	-0.3068205368858448	3.144247015718101	1.179903335320236	1.295282725759225	-0.2371995675076068	0.09588311884237467	-0.1633926829128277	-0.3489894317895367	-0.001350300014029732	5.213820923656747e-19	-5.260597714192592e-18	-1.385008744624168e-16	-0.4008684013810387	0.9821045042183858	1.028709337068715	2.413504144953176	-0.2650976745137881	-0.4847092570910838	0.0317577150335825
3.003	-3.269720058265563	-0.4358881503539445	0.6685315230967387	0.2889830758348871	-0.1317238394733178	0.9979010319695991	0.002461866042039998	-0.1754414358418911	0.2482112035517035	-0.01110321053109967	0.3658668176648338	0.1081920698924807	-2.660622594609847e-15	-5.766268944355065e-15	1.086331836658467e-15	-3.042344100671025	-0.3064245983550234	3.144187974600417	1.186489798590546	1.296863039144135	-0.2384378346509448	0.09669772958650637	-0.1658999687411859	-0.3484377775565636	-0.003417758842033839	-1.290800158103746e-18	-8.110046204688944e-18	-1.372289027293349e-16	-0.3990824942474199	0.9838508356242122	1.02691907360754	2.412721091042396	-0.2579189002653436	-0.4895315335104953	0.03313395613348482
3.036	-3.272603139197388	-0.4359083806083006	0.6672367503278153	0.2888716651133237	-0.1319288405872599	0.9980966507574558	0.008926241736271883	-0.1782177088074462	0.2527759723044072	-0.008539701820760914	0.3641939925198486	0.1094339432365868	-2.860625299396668e-15	-5.845904618397373e-15	1.149014010598849e-15	-3.044465860987491	-0.3060136955841561	3.144231473450095	1.193551591184199	1.302888796685361	-0.2318474903121014	0.09146113052326597	-0.169008000533311	-0.3485630664716904	-0.005294007334700477	1.400645677701455e-18	3.300735638252006e-19	-1.408181704325995e-16	-0.3952977869589469	0.9861762932972965	1.026439959529436	2.410010419209192	-0.2526423746424473	-0.4953146398697098	0.03443037135002938
3.069	-3.274593443570416	-0.4363694143092085	0.6651218785555014	0.2888520360355325	-0.1321539441080274	0.9981923751240657	0.01175335867887609	-0.1810351807151802	0.255967261336195	-0.00688657287951668	0.3625187101431097	0.1107271559248666	-3.491706631508797e-15	-6.085937561516057e-15	1.65358294615183e-15	-3.045130736256882	-0.3055543066194646	3.144096590483378	1.198770353475528	1.31226647898968	-0.2179501737045277	0.08237044630238832	-0.1723908459672688	-0.3490411925438171	-0.007119933650207516	-1.330657193971588e-18	-1.216285932427525e-18	-1.396886785955644e-16	-0.3898545616236336	0.988352180313651	1.025707653788527	2.406781926749348	-0.2478891100321553	-0.5003190659144442	0.03600785215968789
3.102	-3.275647813318078	-0.4367537568586188	0.6620665738451867	0.2888924151137991	-0.132225147915452	0.9982184372858485	0.01262001403745414	-0.1836947507199493	0.2581294006860143	-0.006235183891640606	0.3616654738368502	0.1120745196009806	-3.309665689754799e-15	-6.110092966634681e-15	1.761489709647202e-15	-3.045786704417663	-0.3050387045668837	3.143690010233327	1.200378929268544	1.319861658967469	-0.2026486922451571	0.07355460437336234	-0.1754000804356128	-0.34928052619978	-0.008938890149630289	-5.188518708845611e-18	-4.864013233512019e-18	-1.48292486144865e-16	-0.3852924391274251	0.9895206244065694	1.02427922823419	2.404341079914561	-0.2432810867496355	-0.50425435188818	0.03833185898351778
3.135	-3.27567141578438	-0.4363417760758751	0.6590513609388328	0.2889794834496409	-0.1321024327490145	0.9982853169203715	0.01359905468716274	-0.1861440008294447	0.2595473126277875	-0.005484138011395433	0.3620989857749641	0.113614320127952	-2.962527298217524e-15	-6.391442368840416e-15	9.626321644597792e-16	-3.047005351887726	-0.3046011423967213	3.14319884442677	1.198402107888578	1.322030522167747	-0.1927225930366569	0.06870791468876171	-0.177170348062029	-0.3490936029596676	-0.01066686520136045	-1.105846120499964e-18	-1.406242059824645e-18	-1.530723505766687e-16	-0.3839133668569581	0.988992886923277	1.023068168455795	2.402978885385649	-0.2386566727162504	-0.5077738526806994	0.04080501297914266
3.168	-3.274550207997814	-0.4348779366644128	0.6575146531151477	0.2891008470754246	-0.1318820358404346	0.9984948499764575	0.01502805245968009	-0.1880892671687713	0.2602051525488956	-0.003376454670079966	0.3636318328758972	0.1154375572447636	-3.012399674107836e-15	-6.584159515674401e-15	9.282290982944416e-16	-3.04825133424125	-0.3043618422994422	3.142859664504931	1.194897046092716	1.319900991041531	-0.1901258911317354	0.06929139384494226	-0.1772344807400835	-0.3486975072216836	-0.01220312174038306	-6.324818002855912e-18	-5.475232185243926e-18	-1.649875863326962e-16	-0.3857414790043374	0.9865535927028125	1.023375182612082	2.401758947924026	-0.2337166978853098	-0.5114793615911466	0.04230548824788803
3.201	-3.27256156397419	-0.4329776020019568	0.6578676033881535	0.2892787603934427	-0.1317200685578272	0.9988483788669393	0.01504925730960397	-0.1892910292694491	0.2599219278745578	-0.0001808672819006182	0.3656317886970012	0.1175328983250405	-3.4177324532232e-15	-6.646846232033647e-15	8.716214772591928e-16	-3.048480025733618	-0.3042156526089326	3.142707332824388	1.192335041576951	1.317068568064501	-0.1917914305152718	0.07377116393174575	-0.1762335893665236	-0.3482666505422273	-0.01352387786654803	-6.297207230150804e-18	-1.516859796065389e-18	-1.661301121264215e-16	-0.3888865266130904	0.982626783879477	1.025869953646156	2.399231866611117	-0.2288620204164942	-0.5154210362910518	0.04266054298946527
3.234	-3.270249556733364	-0.4314544899885388	0.6591147833934194	0.2895708966260665	-0.1317337843345345	0.9992705220749869	0.01092023430442631	-0.1900828480680389	0.2585666361493394	0.002339969915709873	0.3674377060276319	0.1197965110122704	-4.018891445510175e-15	-6.78242075274528e-15	7.913128077205759e-16	-3.046908575244104	-0.3039732452156241	3.142604074588152	1.191121486538801	1.315719199658685	-0.1941846479099386	0.0789634875201079	-0.1755238340597366	-0.3478933368113795	-0.01471944825808623	-1.794054486729722e-18	1.745642132806697e-18	-1.637165504726738e-16	-0.3913903940996584	0.9779158313124607	1.03028848664392	2.394436657690516	-0.2252476847574662	-0.5188659648255497	0.04237580055751067
3.267	-3.267808605164387	-0.4304220587580593	0.6598865346358883	0.2900020047157379	-0.1319155363142268	0.9996826835661916	0.001506616257750873	-0.1912951773560219	0.2559287860358209	0.00280545215277004	0.3686575402550274	0.1220975347745907	-4.166285777306154e-15	-6.808620093426386e-15	7.535712605376457e-16	-3.043346582826238	-0.3035973322549204	3.142451173018637	1.189559958433847	1.315464987965602	-0.196426221480675	0.08174210966162013	-0.1757404699810831	-0.3477727451629746	-0.01593662660347973	-2.655330942299943e-19	2.163469774596023e-18	-1.702911874976319e-16	-0.3928818536062601	0.9725387278980308	1.035565329480646	2.387775388804977	-0.2236898760689834	-0.5203552022910656	0.04168992909822049
3.3	-3.264971612356737	-0.4293731539155191	0.6595067806785356	0.290510962354372	-0.1321178460183495	1.000029052728554	-0.01125997083094438	-0.1936827932220457	0.2516676461157943	0.001550154763602211	0.3694174515551477	0.1243817111858189	-3.862869699316616e-15	-6.723601981991232e-15	7.923145027203348e-16	-3.038042676565422	-0.3031841357365747	3.142253498239612	1.186241237861153	1.314612444155218	-0.1996531637670793	0.07993450902200341	-0.1759974179926981	-0.3480056744512254	-0.01724379896266024	4.222568964558778e-18	1.833660444908858e-18	-1.56825761228968e-16	-0.3950805872779771	0.9657734374622399	1.040315916555894	2.381123807949174	-0.2239203552534107	-0.5185777045156791	0.04099827644098096
3.333	-3.261562295763277	-0.4279242894005156	0.6584752350601378	0.290974578694679	-0.132197527125369	1.00029704959892	-0.02384406082095435	-0.1974551075807268	0.2456265606747671	-4.586197109757704e-05	0.3703790029955213	0.1267057646263449	-2.859218916089415e-15	-7.439351028241464e-15	1.486351414718286e-15	-3.031444730470905	-0.3028406560432747	3.142042128736937	1.18156836061532	1.311786553027372	-0.2049941840474638	0.07358530871298996	-0.1750705016256859	-0.3482887369653902	-0.01857127976140953	3.43628702039281e-18	-1.732955501385567e-18	-1.612035772980085e-16	-0.4003423873444747	0.9569935632337694	1.04401295604937	2.376226608327561	-0.2248081562410724	-0.5137664565443315	0.04150031857083126
3.366	-3.257984308694549	-0.4261267750553637	0.6581615957648298	0.2912626045247697	-0.1321406479280423	1.000567041022121	-0.03366508561405534	-0.202163153219304	0.2380260203839146	-0.0009907287898128932	0.3721990559175145	0.1291668650854134	-1.557900220075431e-15	-8.679041448789183e-15	2.959274591578565e-15	-3.02421536206449	-0.3026219769348789	3.141827827492119	1.177228885070888	1.307106642931336	-0.2123191284946134	0.06548735354568383	-0.172998698484243	-0.348182459802695	-0.01978840676467717	1.055520345461525e-18	-4.476878664543845e-19	-1.736388691417414e-16	-0.4094167011026252	0.9465114742214614	1.047675660428723	2.372900443221893	-0.2250269175177714	-0.5080705652374483	0.04474330610863659
3.399	-3.254983649467203	-0.4243439605418625	0.6597100633261762	0.2913024256047145	-0.1319990269696628	1.000979896495325	-0.04015194525729982	-0.2069260545317776	0.2292603139995669	-0.001317302563411143	0.3747797762570655	0.1318112443323269	-2.675185089795571e-15	-7.43861795015454e-15	1.953679259614579e-15	-3.017378288093043	-0.302515058566858	3.141609763352611	1.174799944017429	1.302291693705406	-0.2199846307661823	0.0590312967064493	-0.1709259558831599	-0.3476344916745649	-0.02081650870089262	4.723694248155333e-18	-1.558807224711975e-18	-1.713823823185404e-16	-0.4210351884341845	0.9353457528062212	1.052926905532944	2.36931551547876	-0.2236924409099389	-0.5042008192562248	0.05139981778215821
3.432	-3.252953709726313	-0.4232212124068454	0.6632152896859318	0.2911350129645868	-0.1318134003291907	1.001594789435904	-0.04436316123740008	-0.2108946221080769	0.2195213559247894	-0.001846890224120773	0.3772046471662961	0.1346213458235375	-3.06965036648768e-15	-7.435995893379893e-15	1.819962655038303e-15	-3.011991284556005	-0.3024589250227587	3.141392117492085	1.174725840712988	1.299645295601199	-0.2252131390116133	0.05567058560842268	-0.1698874942590689	-0.3469152445269096	-0.02164658260642328	2.949616213921248e-18	4.878043512799746e-18	-1.804396755007064e-16	-0.4334861339444103	0.9245288082466443	1.060827039618117	2.3635039944673	-0.2207590971121007	-0.5037851904649475	0.06032030072673905
3.465	-3.251623143082481	-0.4233696920995664	0.6678780030876809	0.2908817065187359	-0.131613908890375	1.002343540438504	-0.04791578663102152	-0.2136233009052302	0.2085418904540932	-0.003581312976399297	0.3785465296137393	0.13757203434506	-4.09559054146508e-15	-6.691780013172922e-15	9.861774309014541e-16	-3.008331979103718	-0.3023851363111721	3.141189848639867	1.176241937746197	1.300687214630928	-0.2253216794816324	0.05462489737491623	-0.1697316924694177	-0.3462302974313581	-0.02227067833857438	1.051647453942372e-18	6.579641909793006e-18	-1.782584727062771e-16	-0.446177285822189	0.9145595061070935	1.071470624152163	2.354334408772631	-0.2168560253039333	-0.5066937195297896	0.0693212403551887
3.498	-3.250339599707779	-0.424804355706665	0.6727552208775925	0.2906578206014837	-0.1313778923953863	1.00314287128342	-0.05150659100491603	-0.2150776910833875	0.1956592613148455	-0.007092806683149488	0.3785724732554275	0.1406509944366941	-4.394289407897123e-15	-5.79619890569991e-15	1.164053164815529e-17	-3.005716283421271	-0.3022597481484046	3.141019590945431	1.178071825932566	1.305021271281055	-0.2198495536586734	0.05402946796523307	-0.1685552941019713	-0.3457619605125729	-0.02266777461490652	4.978481281892333e-21	4.11753029396235e-18	-7.520244356507242e-16	-0.4598278742415486	0.9052298899157299	1.083752749127285	2.341734652461601	-0.2125513068437035	-0.5111114857048298	0.07714970637349505
3.531	-3.248655943923368	-0.426900901162598	0.6777018398714216	0.290528801083968	-0.1309927700266347	1.003997062908862	-0.05396141588153348	-0.2154565629098297	0.1802142456504278	-0.01236218355755165	0.3778433350291297	0.1438229566318676	-5.013513838038221e-15	-5.700040291140675e-15	-5.681215304714175e-16	-3.003377277103794	-0.3021125161617988	3.14088151025507	1.179346185500116	1.31011908416323	-0.2118976864452494	0.0523944758566464	-0.1640425079198936	-0.3456143327710304	-0.02287758474630245	4.789473609619127e-18	4.211888106455377e-18	-7.883627564200162e-16	-0.4754148629636127	0.8957702903362068	1.096092787207832	2.326129350996045	-0.2080658114593586	-0.5146099278866451	0.08410484649008498
3.564	-3.246642231582154	-0.4290507290603693	0.6836390353691062	0.2905115913407911	-0.1303098003124316	1.004946325110342	-0.05287600210430361	-0.2152738104090339	0.1619356919092316	-0.01914224701662488	0.3773832078220028	0.1470331365572818	-5.841558775678185e-15	-4.990113317244078e-15	-1.198340497785967e-15	-3.001117400696379	-0.3019912485425529	3.140757556333002	1.180068235608365	1.312360804011323	-0.206774100565078	0.04977214363083489	-0.1556899801187018	-0.3455447547640308	-0.02300614150263221	-9.15534192224986e-19	5.395188768056118e-19	-7.429348157117649e-16	-0.4929996057140216	0.8852887392420885	1.10807625935414	2.307835922720256	-0.2038416942346918	-0.5159566369829064	0.09098377613832671
3.597	-3.244630065775266	-0.4314002685565233	0.6914434708967756	0.2906087105857266	-0.1292118743055633	1.00591369814503	-0.04647760334404699	-0.2154749619091681	0.1417322203757569	-0.02729033347619998	0.3779788634737288	0.1502505880879086	-5.896871588595396e-15	-4.968332922944819e-15	-1.055632949570634e-15	-2.998941422519501	-0.301886259538592	3.14064099957036	1.180777775915062	1.308606720827816	-0.2087050153154645	0.04752324797455331	-0.1445570938077025	-0.3451498911909378	-0.02313103683188093	5.790078661886998e-19	2.537039873515091e-19	-7.149357683218541e-16	-0.5114999007177645	0.8734624812588667	1.120505001964311	2.287355014076873	-0.2006306012067104	-0.5155346575179162	0.09821594221852216
3.63	-3.242931746376212	-0.434695731670896	0.7008813409674129	0.2908453325990613	-0.1276911227684686	1.006696715693586	-0.03487772687723251	-0.2167477390210843	0.1213988486311714	-0.03675925749511522	0.3797328126404053	0.1535128085323475	-6.001544495500585e-15	-4.65001487317858e-15	-1.054476434804847e-15	-2.996331750399661	-0.3017548898265978	3.140538241951806	1.181907577323685	1.297579486628566	-0.2181472632718242	0.04613844425894596	-0.1316203639221386	-0.3440545378341138	-0.02318089034778181	1.282469611400586e-18	3.596843229286711e-18	-7.158856607563253e-16	-0.529691203034233	0.8608544203679107	1.134325857071011	2.265207463898587	-0.1988530225547829	-0.5139561035957024	0.1058653221222981
3.663	-3.241610551123876	-0.4392790648019192	0.7110607525103957	0.2912160959009516	-0.1258983105784593	1.007190981739023	-0.01956623959676592	-0.2185318045584364	0.1018391824674979	-0.04689490998573317	0.3823421982739417	0.1569354025436715	-5.321044455919065e-15	-5.511688153503779e-15	1.031287214343822e-16	-2.992506423071157	-0.301602047343647	3.140447024234142	1.183574489565744	1.281199664404075	-0.231247902995362	0.04430924627936279	-0.1177193970374765	-0.3416493761694788	-0.02287510119179394	-2.504945065392004e-18	2.231453422141296e-18	-7.147597785978187e-16	-0.5472729588011628	0.84841559716867	1.150485643181579	2.241088020097331	-0.1986613300346629	-0.5112595125350545	0.1137341094913223
3.696	-3.239981477745708	-0.4448055217968467	0.7214523729625305	0.2915705961059812	-0.1240381913050903	1.007584177857056	-0.001887397830638994	-0.2188328726891896	0.08260760463218624	-0.0556579400806038	0.3851066158271719	0.1610776709320573	-5.886425584074093e-15	-4.803440274631908e-15	-4.108705036934005e-16	-2.987739281841839	-0.301441612329035	3.140314271369768	1.185774869236351	1.264318114203262	-0.2423047368371186	0.04169962059768757	-0.1043266853887633	-0.3367749855584143	-0.02189432219441072	6.426910631933343e-19	2.077931906381476e-18	-7.101249243510336e-16	-0.5645560912519162	0.8369368343601025	1.169649546090842	2.214121820719992	-0.2002322295877156	-0.5078705503906112	0.1212718789919978
3.729	-3.236481302324768	-0.4516098888359809	0.7319196340906083	0.2917158220899022	-0.1222649218250864	1.008245400583139	0.0174781091307773	-0.215634013560136	0.06259521138852403	-0.06107756253564157	0.3857686472271987	0.1658296103233328	-5.758612066952378e-15	-3.432750819798801e-15	-9.301928751760595e-16	-2.983532226385105	-0.3014226374268034	3.14028731896237	1.18864987872736	1.250384999027944	-0.2496417769082071	0.03995798270399845	-0.09285439812099619	-0.3250177464643336	-0.0205364832903195	6.09077615917071e-19	-5.509128940062712e-18	-7.092581589664726e-16	-0.5810748014140793	0.8256274443740553	1.190845147102006	2.184271197390644	-0.2038948840917927	-0.5050895233521395	0.1276923320231612
3.762	-3.230789578746393	-0.4602113228659387	0.7418935227178023	0.2915650625577977	-0.1207424964827225	1.009208439449276	0.0371483295686703	-0.2087105268656397	0.04127418755849148	-0.06237433584016637	0.3822284711388178	0.1709810352545083	-6.043671173482424e-15	-3.690982336061254e-15	-3.042797279923291e-16	-2.982086582505902	-0.3013901023612676	3.140242829508143	1.192095672268929	1.238206550342092	-0.2563903040886787	0.04053078694973567	-0.08412268780236221	-0.3065600465680292	-0.01903075255748463	-2.435023272151094e-19	-3.226518839210154e-18	-7.096356730291825e-16	-0.5963772517932536	0.8142395827339752	1.212468982376143	2.151743647816755	-0.2085857750427375	-0.5040392817672226	0.1316948493647684
3.795	-3.224207052097551	-0.4704855223519522	0.7498108927600586	0.291292777780919	-0.1196150080543445	1.010248050642164	0.0550817992942611	-0.1997644308146792	0.02048587135336299	-0.06026492977316934	0.3742210752063201	0.1762913702730479	-6.429146338196269e-15	-3.259412725349507e-15	-4.694598532958002e-16	-2.984116423805879	-0.3012656715215041	3.140186577137831	1.195788905670318	1.224067846676768	-0.2665538299004777	0.04240713141931308	-0.07840462257890092	-0.2835316166832094	-0.01764897603638182	8.800730304240445e-19	2.819631287125658e-18	-7.077517672719858e-16	-0.6098419515889347	0.8016160297999408	1.233071581675974	2.116525519876095	-0.2114887001178134	-0.5048240339584752	0.1318304709440473
3.828	-3.218559018128153	-0.4814456279682139	0.7543989697371279	0.2911242531595126	-0.1189150509632926	1.011130606980325	0.06932915878913609	-0.1908622237373689	0.00176511416131309	-0.05639896175457627	0.363848293551102	0.1815257913777226	-6.751495580992294e-15	-3.139937331590769e-15	-5.703042560883611e-16	-2.988208083277748	-0.3010794629004857	3.140159462621465	1.199201132732762	1.205638337336679	-0.2820294339612596	0.04251039762206284	-0.07402950761015305	-0.2588786806548092	-0.01663391477564989	-1.786237784402308e-18	-5.203195428574404e-18	-7.061388478947408e-16	-0.6213772907707906	0.7869887971346204	1.251656084589129	2.078262747489822	-0.2092087780804925	-0.5059734952623404	0.1277070001574893
3.861	-3.214830439756697	-0.4916350097787786	0.7557038140297437	0.2911666177613762	-0.1185614510041765	1.011774254527132	0.07875463287172807	-0.182873488975325	-0.0143363373886651	-0.05238348286272144	0.353861625415699	0.1866351219090774	-7.276937093979244e-15	-3.009557686428074e-15	-8.216251803303827e-16	-2.992515268774081	-0.3008522248271475	3.140137003604759	1.201783219365571	1.182801201933803	-0.3018486573722848	0.0383616028744183	-0.06989365062149319	-0.2360012316922145	-0.01593344114211104	-3.396554310529688e-18	6.888061242346416e-18	-7.106668146723783e-16	-0.6319622173405713	0.7705005263860311	1.268966148457155	2.036388513591058	-0.1998272033092004	-0.505677424848338	0.119794258309267
3.894	-3.213432783900189	-0.4998825282889189	0.755110127985678	0.2913299327069047	-0.1184512111954346	1.012258450801671	0.08355266999411373	-0.1752875711043566	-0.0271057416437742	-0.04907730383928872	0.3463011458040447	0.1916710070415486	-7.634551660766805e-15	-2.763577191795304e-15	-3.989038778319098e-16	-2.996487380597638	-0.3006385739883252	3.140105094879044	1.203741727866964	1.157328922763192	-0.3220261519226142	0.03056910176863981	-0.06600041224115036	-0.2168394979182868	-0.01535769629746471	-2.312349843190128e-18	1.776869305921035e-18	-7.080690440705134e-16	-0.6430159708660521	0.7525662710800843	1.287267821659596	1.990805221430038	-0.1842528599961054	-0.5036764694902581	0.1080604159206867
3.927	-3.213897646899743	-0.5055138312085536	0.7544488151374077	0.2914515010539449	-0.1184555810771941	1.012686153736355	0.08460716335308441	-0.1669793284810719	-0.03575576468744107	-0.04607969200008251	0.341951315707316	0.1967055953919006	-8.014410355296336e-15	-2.536757212370241e-15	-2.323503336012582e-15	-3.000735314551848	-0.3004846114989043	3.140069603535524	1.205987905310452	1.133420479530651	-0.3364701021605194	0.02326957522165992	-0.06265288730620042	-0.2020629884465261	-0.01464968026446765	-6.417040831840105e-18	-1.527727912695012e-18	-7.073594037350361e-16	-0.6553800428649735	0.7333799187487873	1.308417440801488	1.942125933919023	-0.1658708044030253	-0.5011858355873837	0.09236537995934507
3.96	-3.215101354070639	-0.5083704968733066	0.754359401760116	0.2914742032710792	-0.1184354173896548	1.013076588063019	0.08245226515306156	-0.1570619239596993	-0.04086967687146144	-0.0423300997027197	0.3404500743997497	0.2017818152373437	-8.469945499397102e-15	-2.616181590966005e-15	-2.721427293103393e-15	-3.005787843818902	-0.3003904998484784	3.140051688630925	1.209088693743819	1.116252891141424	-0.3407395687934784	0.02135140687917943	-0.05953707298470783	-0.1917603891307252	-0.01362654986173049	3.745968998737126e-18	5.01747438915314e-18	-1.179499801969999e-15	-0.6693166869829885	0.7135664947838137	1.332187162349843	1.891435267361744	-0.1486810090623754	-0.4996495177680264	0.0742345111455185
3.993	-3.216051312572121	-0.509066582632794	0.7541668722041027	0.2914734398285533	-0.1183469146099148	1.013338522358044	0.07763402610838191	-0.1455553999565015	-0.04465487092117405	-0.03750049069564217	0.3404955750067776	0.2069198563328105	-8.609699686823437e-15	-3.243449434202306e-15	-1.985837425776321e-15	-3.011495582307635	-0.3003158310594551	3.140044840280145	1.212604089386539	1.108373848761599	-0.3352057931155217	0.02694472204198662	-0.05622167200254027	-0.1854631171796764	-0.01222585106408837	5.451207019084108e-18	3.403140262380738e-18	-1.244084916455851e-15	-0.6848524755524503	0.6945887788028741	1.35697968098732	1.840152874039731	-0.1354910936441838	-0.4999037068397582	0.05614437795204012
4.026	-3.216435398369769	-0.5087173705029475	0.7535819591692836	0.2915106554539513	-0.1183245890397131	1.013370093163047	0.07150762871485822	-0.1336385056679269	-0.04929934272798021	-0.03250654032272337	0.3403237279451917	0.2121241802601698	-9.491568104225265e-15	-4.392714566924369e-15	-2.636636960514869e-15	-3.017437045777921	-0.3002453203346468	3.140027273843796	1.215845564499251	1.108294308857311	-0.3240691905845672	0.03847513041248446	-0.05321962093257575	-0.1818142794096026	-0.01049424773867252	-3.709379444620353e-18	4.795418138634091e-18	-1.323970201428209e-15	-0.7012737942043931	0.6777496651911903	1.381686654585426	1.789776370349035	-0.1269288906555494	-0.502142576668151	0.03857532870715558
4.059	-3.216445290900436	-0.5079919309367926	0.7530630288048118	0.2915562395282651	-0.1185313780470248	1.013199788674997	0.06518171919985771	-0.1228767813147035	-0.0558628873288482	-0.02857524884538122	0.3387077296931704	0.2173810924848804	-1.060701833710359e-14	-5.344075204588758e-15	-2.398880790956142e-15	-3.023069249759486	-0.3001869194133389	3.139995547295955	1.218544746613088	1.11226679287208	-0.3126675014779336	0.05212598575649127	-0.05176043229224139	-0.1790482917025218	-0.008559247927290075	-1.946721720184359e-18	-5.197549334049283e-19	-1.370305156449196e-15	-0.7165410184670933	0.6635256944649078	1.405874162045484	1.74099087409055	-0.1215079961748938	-0.5059953666550789	0.01924500700907657
4.092000000000001	-3.216132107609154	-0.5070482661201421	0.7526758634735206	0.291574412835687	-0.1189465078599302	1.012919102509029	0.05831154115899912	-0.1140403795155636	-0.06436782116642316	-0.02632469630214226	0.3355228561583579	0.2226579814991822	-1.111326645164736e-14	-6.333486943388096e-15	-2.568184296326097e-15	-3.027502347709365	-0.3001393098057846	3.139970374121532	1.220375417579103	1.11718169583602	-0.3056570470245123	0.06446986320203876	-0.05237104615420627	-0.1762615650101657	-0.006608145644950476	-2.867912724142277e-18	-2.601506235276414e-18	-1.012811193849256e-15	-0.728034637500101	0.6522558108528684	1.428730687187561	1.693643282301389	-0.1171096245624002	-0.5099611860473134	-0.004134350681447158
4.125	-3.215244061165532	-0.5063553974872116	0.7521939054936179	0.2915760974255164	-0.1193988165576365	1.012529826500146	0.04992076177323142	-0.1069659128786807	-0.07366550128196564	-0.02572402004093603	0.3313975646391721	0.2279103162663536	-1.23561595620302e-14	-6.594084013237633e-15	-2.217802606955003e-15	-3.029886513572549	-0.3001059475614199	3.139972380580568	1.220822291031913	1.122493984673103	-0.3053798175395911	0.07435021240009758	-0.05429971604926686	-0.1737546105242804	-0.004853793599824345	-2.128222873480727e-18	3.787458898002808e-18	-9.295859468305862e-16	-0.734179068051616	0.6445058105213999	1.44907584965589	1.648314949863154	-0.1131798183191051	-0.5112601996405897	-0.03099417201348066
4.158	-3.213844902073627	-0.5065387021227191	0.7518989186558609	0.2915671943771918	-0.1197487434302615	1.012032397448459	0.03980280049898882	-0.1013329312771181	-0.08185779942253313	-0.02649660644473431	0.3272287545659579	0.2331086923836444	-1.351609102704095e-14	-6.752662534185398e-15	-1.626736590677294e-15	-3.030224238188551	-0.3000928909330809	3.139992862932483	1.219936247311253	1.129539112642785	-0.3105872055379599	0.08212625940979611	-0.05663453289683613	-0.1719157045686913	-0.003421389501792001	1.630538519622408e-18	5.20289233859279e-18	-1.988464343938366e-16	-0.7356840593339126	0.6400820105188707	1.466424450244716	1.607422294531027	-0.1120032006337418	-0.5078743402667764	-0.05809481996222666
4.191	-3.212559042494596	-0.5072943236776947	0.7520070613848732	0.2915151963633686	-0.1199577906222596	1.011573113216436	0.0285584089375003	-0.09697636148094564	-0.08788962317836321	-0.02826669441456759	0.3239746916885266	0.2382616168004572	-1.397696154629291e-14	-5.994498944060454e-15	-1.043645224689027e-15	-3.029370381585423	-0.3000836356406736	3.140002536290778	1.218647923508552	1.138734521413914	-0.3175306434175147	0.08761948908622877	-0.05905805615024496	-0.1703661484660093	-0.002236118471431311	-1.542215225460811e-18	-8.640328341660604e-18	-1.557896666889506e-16	-0.7353638206744004	0.6374479214541894	1.481259487967611	1.573994853871074	-0.1178780526800966	-0.5005633957297784	-0.081531370559474
4.224	-3.211835461375373	-0.5072634505080373	0.7518575805208075	0.2913890976107457	-0.1200185320754389	1.011339552106242	0.0166575813019292	-0.09333262249426649	-0.09230019778114303	-0.03014902693908564	0.3224129843685297	0.2433994555637922	-1.469961420619994e-14	-7.440455734728127e-15	-1.396695221872395e-15	-3.028179284828555	-0.3000572406244055	3.139990590953158	1.218028548477294	1.147983606737924	-0.3229649442518429	0.08958440441758296	-0.0610269012802361	-0.1686245877659927	-0.00108910970574516	-1.209915761792286e-18	-6.870843957660426e-18	-1.664375621108042e-16	-0.7361594637899566	0.6350400468147241	1.493993758295936	1.549440726470089	-0.1336498248230416	-0.4913919170777332	-0.09816662874431059
4.257000000000001	-3.211559131267279	-0.5055048502828459	0.75075505810403	0.2911988277761687	-0.1199298604380741	1.011340869375143	0.004797834017119057	-0.0891502808671448	-0.09590480359540107	-0.03079963466905037	0.3224796995135774	0.2485436166658737	-1.581609089504124e-14	-8.058686049540423e-15	-6.11747645927824e-17	-3.027232211113734	-0.3000145270924227	3.13997060805143	1.218415402978635	1.154582492967343	-0.3257589367754486	0.08733742781086128	-0.06160623189919841	-0.1668892395443451	0.0001859354646389219	1.17081425811109e-18	5.420400325262756e-18	3.654482268384187e-16	-0.7390423710533615	0.6326035608812104	1.504239276762892	1.532863972279502	-0.1572942627855566	-0.4817356586875075	-0.1069629494672199
4.29	-3.211670354231197	-0.5026598566856222	0.7489609258314504	0.2909846679188053	-0.119778444742606	1.011417184203706	-0.005191958899765245	-0.083384927084275	-0.09864532834125535	-0.02950289628434494	0.3232012994157807	0.2536986714514755	-1.555690432321081e-14	-8.590959699809678e-15	7.316610590553634e-17	-3.02715278645786	-0.2999653645486372	3.139950149000363	1.219335370979786	1.157600460518495	-0.3264133069819792	0.08215462564143115	-0.06069443217599912	-0.1654711680864858	0.001674307437694669	-9.747096353829418e-19	1.6549339130202e-18	3.535964344271124e-16	-0.7432617509748692	0.6304773127617468	1.511824374240219	1.522203268793637	-0.1842596077754446	-0.4729257502581031	-0.1099345007426715
4.323	-3.212430745434932	-0.5001314339219294	0.7470120145018692	0.2908049287694003	-0.1197410343318247	1.011462406067298	-0.01172225406571359	-0.07635548900299571	-0.1007001499832667	-0.02690846702646816	0.3238148212400467	0.2588562464245592	-1.575950879756169e-14	-7.860996427779184e-15	-1.343052567455268e-16	-3.028152007584211	-0.2999142164441303	3.139924228015508	1.21981494224608	1.157165585694105	-0.3267434421755722	0.07635436885801994	-0.05937381953768688	-0.1641698287854242	0.003438688666129229	-1.321765369791532e-18	3.17889097388448e-18	6.001091091870967e-16	-0.748268075176343	0.6284705686520425	1.518033677427007	1.515568637217786	-0.2124151786594434	-0.4667002618342487	-0.1109887344656667
4.356	-3.213842889114975	-0.498712158465456	0.7450706199401574	0.290717411771121	-0.1199221854115081	1.011474599105357	-0.01493655799447263	-0.0699197690616241	-0.1028237121505255	-0.02453670180315692	0.3241021010179101	0.2639960578932827	-1.639763033694727e-14	-8.116297853918998e-15	8.364939342835885e-16	-3.029651758384603	-0.2998676366111194	3.139896329893861	1.218762401494892	1.153119774561842	-0.3296891332870879	0.07171707535366746	-0.05893284937318477	-0.1627272222165402	0.005468888623093517	-4.58843709147509e-18	2.347342588521664e-18	1.467055688250688e-15	-0.7539005224514519	0.6262490960217658	1.524682952084953	1.511701012234201	-0.2405845749820854	-0.4641133418091423	-0.1139197485817678
4.389	-3.215372831618057	-0.498563835524641	0.7436502773859149	0.2907173453477067	-0.1202298449621838	1.011409187917781	-0.01563244962982396	-0.06656198699315484	-0.1039885243156922	-0.02358900496887836	0.3236969136832076	0.2690958643244168	-1.718701434699804e-14	-8.331125863443971e-15	1.301067751212808e-15	-3.031074961832653	-0.2998385746371903	3.139880772927715	1.215918278932346	1.146235818424383	-0.3371951165596767	0.0692820086619894	-0.05995585744503548	-0.1610972641332044	0.007641515954762013	-4.579951298968708e-18	1.514536707446709e-18	1.524090230426159e-15	-0.7587794697749753	0.6240968765394735	1.532272327444464	1.509357106525458	-0.2647228290743738	-0.4648641413515527	-0.1213344528071438
4.422000000000001	-3.216449718840974	-0.4995789109916911	0.7437185145132379	0.2907233158711112	-0.1204972638587352	1.011212219310153	-0.01401694718306277	-0.06758523193921682	-0.1012015060531607	-0.0239931574879446	0.3223967164910962	0.2741458005981219	-1.840484667693012e-14	-8.57525753463638e-15	1.288920995265595e-15	-3.032279623251742	-0.2998340704844221	3.139886202424209	1.212422142867511	1.139750922821818	-0.3475540068212369	0.06943453292983405	-0.06215421326232656	-0.1591073434253485	0.009842685370355998	-3.242876609323181e-18	3.3581969566381e-19	1.342518186838796e-15	-0.7604730024690913	0.6226374916203785	1.539785599083228	1.506730945397551	-0.2800430689957934	-0.4677523781135599	-0.1340416586722026
4.455	-3.216880340555981	-0.5011941853391539	0.7454799290205474	0.2906661067900063	-0.1206702703923181	1.010967447728041	-0.01026686608110963	-0.07139306167246463	-0.09325073114053012	-0.02462602488437734	0.3207786744518832	0.2791497937138147	-1.854521822397616e-14	-8.035049089582621e-15	1.894210396897612e-15	-3.032958041097215	-0.2998482277088743	3.139909192515673	1.209930816068992	1.137812346907432	-0.3563388630305704	0.07141175191109707	-0.0647371186862095	-0.1565271443166696	0.01206583508767985	-1.129410806764265e-18	5.96616944351153e-20	9.452103979730438e-16	-0.7578839407608274	0.6221367373811982	1.545988973000473	1.502084296608578	-0.2852096173167147	-0.4714391945293503	-0.1507378650182845
4.488	-3.216714307175242	-0.50275003705976	0.7480143547007317	0.2905529638583684	-0.1207961865918699	1.010800224944043	-0.005285782144917541	-0.07432936849844403	-0.08255487808941789	-0.02445005679110172	0.3196694671925241	0.2841176502011026	-1.866624100037462e-14	-7.620653547806593e-15	2.535141016070746e-15	-3.032570799134038	-0.2998715310130318	3.139939100795172	1.20942460904839	1.142376033637163	-0.3599698742986371	0.07368529497519713	-0.06681198583539173	-0.1533792283712135	0.01434090744795579	1.018508916759792e-18	7.316382682176221e-19	1.014558788343204e-15	-0.7526168117099254	0.6222684817611341	1.550585517178345	1.494939893536924	-0.2830586247579026	-0.4750838469240665	-0.168612398619592
4.521	-3.216142696037754	-0.5041089921636663	0.7501004825919286	0.2904332701893095	-0.1209277758585058	1.010706284765444	-0.0002489190889276242	-0.07396579780461138	-0.07305767403882396	-0.02337434979890691	0.3193376376889417	0.2890613302087682	-1.968262318420371e-14	-7.957996216392097e-15	3.231054317377025e-15	-3.031171534673275	-0.2998980187531865	3.139953410933847	1.210787998977153	1.152044340282263	-0.3575975793423647	0.07525550689364859	-0.06783654913741582	-0.1499041066732076	0.01663513209382461	3.644830464509118e-18	-7.725440464910657e-19	7.493524178250659e-16	-0.7476861809676401	0.6222989688511135	1.554349039739001	1.486348288905896	-0.2789688250182113	-0.478584384010364	-0.1846666738145402
4.554	-3.215602411299642	-0.5051714852566797	0.7506816717899176	0.2903412219918535	-0.1210829162508317	1.01064025959083	0.003871777798720963	-0.07085039214961761	-0.06823768244313869	-0.02203376094485674	0.3195508298610031	0.2939891730505413	-1.983065305188071e-14	-7.595757603715106e-15	3.574942285240327e-15	-3.02959779990935	-0.2999226956445581	3.13995997067699	1.213157170221811	1.162776652048801	-0.3511302161303109	0.07564875026952522	-0.06800204493397316	-0.1465202378580451	0.01887769059710385	6.777168163085567e-18	-1.997470764018287e-18	5.150287291274181e-17	-0.7453612709477948	0.6215848225432002	1.558597769743108	1.477851692074418	-0.2790389000394975	-0.4818192558695922	-0.1965059600797582
4.587000000000001	-3.215571963173919	-0.5050734748874369	0.749011630771892	0.2902928115053425	-0.1212375143435034	1.010696020960297	0.005488889969809778	-0.06715305516797887	-0.07096290604219649	-0.02076181075154902	0.3203869764299954	0.2988945931429873	-2.006502915972201e-14	-8.264952756812144e-15	4.604665818136714e-15	-3.028496318414371	-0.2999417177270788	3.139955617798762	1.215257964809519	1.169523052870121	-0.3446771433504977	0.07426216408122545	-0.06798787102272087	-0.1438350339154304	0.02103372573552268	-6.125766792355125e-18	-3.779244700168657e-18	-1.768524708797237e-15	-0.7463197344350528	0.6199424512546157	1.564256125147159	1.470511193580843	-0.2878856930322123	-0.4839125272957583	-0.2024441741390991
4.62	-3.216037451921223	-0.5028188608485188	0.7453418792338234	0.2903157870125141	-0.1213526014365616	1.010992243119197	0.00218174298612544	-0.06433905527837412	-0.08267256987564915	-0.01928072959041867	0.322429046801365	0.303760122142221	-2.019417644984426e-14	-9.013468818713827e-15	4.928220137499516e-15	-3.027761422329164	-0.2999503060162421	3.139943442792411	1.215413788475787	1.168875974086518	-0.3430426536034548	0.07137124452210504	-0.06832590920357882	-0.142278831679594	0.02310406877574619	-5.004360074553374e-18	1.064183693326875e-18	-2.176648793491161e-15	-0.7499685362299755	0.6173827237921446	1.571014836747631	1.46504263822218	-0.3061177675844065	-0.4838592028949626	-0.2020663143672524
4.653	-3.216368492282295	-0.4987126873340994	0.7413532526438295	0.2904438209544665	-0.1213981677271286	1.011417563617616	-0.007097755268260204	-0.06237086954966847	-0.1010317935210997	-0.0173405252114249	0.3257295997238071	0.3085805780957274	-2.048190869729023e-14	-9.075054507629485e-15	5.78915549279087e-15	-3.027121427091732	-0.2999480444435879	3.139931168319924	1.212587155315008	1.161199348857878	-0.3491940564466336	0.06877998945410764	-0.06893165299966481	-0.1416855168947033	0.02507312757415556	-2.1433754115345e-18	-1.081592101974543e-18	-2.239566738535629e-15	-0.7550563744836648	0.6138474022722317	1.577793166086194	1.462071205081364	-0.3305582997851244	-0.4815467579394781	-0.1967763505624109
4.686	-3.2159413286273	-0.4942241968220358	0.7390068748247229	0.2906620335681749	-0.1213694417321637	1.01174101109128	-0.02006202361793084	-0.06117857431817555	-0.1203295315753567	-0.01501399795450271	0.3293381629253141	0.3133546526946331	-2.293039252176611e-14	-9.09507083530882e-15	4.883962138581048e-15	-3.026555258202503	-0.2999467499040597	3.139923335217532	1.20792308159134	1.150312250277805	-0.3616533811292308	0.06807189552475792	-0.06915965108650987	-0.1414737662649573	0.02697596450713273	1.816975826012678e-18	-3.912019096321361e-19	-2.273473946031933e-15	-0.7605790548432876	0.6095028369926755	1.583984270217991	1.461700901815087	-0.3574790198478514	-0.4780509106078288	-0.189033730544997
4.719	-3.214765206218038	-0.4906047547959158	0.7389080393790431	0.2908935469118843	-0.1213189525060153	1.011897259456776	-0.03247619044143751	-0.06192219737888813	-0.1352568701855467	-0.01270018788345207	0.3322397808993508	0.3180571707587418	-2.24495726431628e-14	-9.420434391259528e-15	6.029286182192022e-15	-3.026039186904549	-0.2999433195391318	3.139918249371149	1.204054354496668	1.140546432885226	-0.3747594114588271	0.06887228004072718	-0.06848128824477134	-0.1412137204627791	0.02895399489668861	4.872588626338563e-18	1.756833425789421e-18	-2.358736598756037e-15	-0.7662315664984598	0.6050826278520149	1.589694803168272	1.46318048137823	-0.3844960902497258	-0.4749753916305391	-0.1810251380546645
4.752000000000001	-3.213427689105312	-0.488434069637031	0.740108750077245	0.2910607392072215	-0.1213246467826548	1.011948347444436	-0.04142033707095867	-0.06534086746719107	-0.1429249648513893	-0.01129329845577189	0.3340488240095948	0.3226649195975139	-2.185706721162895e-14	-9.380193889931771e-15	7.431415082115287e-15	-3.025407125027387	-0.2999357610971383	3.139914616207517	1.202622979753887	1.133485565311529	-0.3829122436475725	0.0691699208178789	-0.0669113027076098	-0.140925519313484	0.03110710212961357	4.331454135996967e-18	2.318857250301773e-18	-2.146596222387237e-15	-0.7717808470631475	0.6017742122248947	1.594970047472114	1.465092952320956	-0.4104923346594993	-0.4730454905437441	-0.174049392835635
4.785	-3.212554664794893	-0.4879814006483078	0.7412843052195667	0.291135126058049	-0.1214386573983584	1.011892678056769	-0.04646328135832026	-0.06953049376311098	-0.1425064646399646	-0.01175640598040192	0.3346106417743883	0.3272090801617966	-2.251656929517791e-14	-9.560852327799631e-15	6.98343809159759e-15	-3.024446147567124	-0.299928095774034	3.139915979800217	1.203231519807155	1.127981331072066	-0.3844392496651247	0.06719973043283391	-0.06475493217970418	-0.1409038107178115	0.03334980584477604	4.959393966162651e-18	7.453204545000393e-19	-2.314014212580615e-15	-0.7765231297327674	0.6006385877965428	1.599487878058172	1.465946389539226	-0.4353945348955264	-0.4714937657232909	-0.1686485546040855
4.818000000000001	-3.212297973548672	-0.4893204000463139	0.742014655067875	0.2911232412755407	-0.1216777435192426	1.011666091445104	-0.04800839102351384	-0.07128454503974824	-0.1346629289007137	-0.01435464865586807	0.3335994699571367	0.3317601986912457	-2.23200545018776e-14	-1.083285142872525e-14	6.406295676571758e-15	-3.02308324253649	-0.299925065492181	3.139924062681025	1.204303069204383	1.122519881249801	-0.3818834112567083	0.06297220724616072	-0.06251576132596741	-0.1412278487965193	0.03549620081810884	-5.481403639859927e-18	-1.304519181252165e-19	-5.747686211473831e-16	-0.7796040735970821	0.6020307276250856	1.603045937510234	1.465193380489248	-0.4591860657560956	-0.4691584258657694	-0.1651728826139688
4.851	-3.212372965743198	-0.4919745794889185	0.7428205659271161	0.29101977662936	-0.121999437884436	1.011313461903812	-0.04623292458918186	-0.06948603341814158	-0.1212770548343242	-0.01848917517618291	0.3308147711128827	0.3363555540978628	-2.260481155424009e-14	-1.064525090071833e-14	7.043110970663979e-15	-3.021670678328646	-0.2999264460065678	3.139932957513623	1.204529753302431	1.116380944336842	-0.3794377328582644	0.05803244482804258	-0.06101456678607588	-0.1414733123589523	0.03744322956587654	6.081950210664313e-18	-4.909563793533064e-18	-1.666147538223549e-15	-0.7807524437008846	0.6052893010362678	1.605870754731395	1.463702582180413	-0.4809485575613338	-0.4659607309144045	-0.1641049698336581
4.884	-3.212572868078292	-0.4946283537788964	0.7440509953628029	0.2907816944580643	-0.1223188607809683	1.011055340782386	-0.04180448912770373	-0.06592211653608628	-0.1056393724133834	-0.0228601336037804	0.326644615549837	0.340955338453274	-2.346559845578475e-14	-9.255011871928767e-15	6.873953067778914e-15	-3.020944344818822	-0.2999286466281437	3.139934943183213	1.204208614554567	1.109952883871651	-0.3791695691301981	0.05438768380152473	-0.06104488119690733	-0.1411305069306523	0.03926138662356064	5.90039905394273e-18	-8.760988998773718e-19	-5.620924594519525e-16	-0.7804526432403875	0.6088106765387686	1.608286115042232	1.462627370144223	-0.4996447867717962	-0.4630741364335533	-0.1655645325741678
4.917	-3.212888626963097	-0.4957544658867412	0.7453600946023573	0.2903926871676885	-0.1225700863559898	1.011101933628076	-0.03637504661733151	-0.06312392754989184	-0.09189812983408151	-0.02583527129751989	0.3222697059490462	0.3454756426827419	-2.439326937120115e-14	-1.065043892002072e-14	6.696744310532343e-15	-3.02147507542945	-0.2999294735258744	3.139929430833871	1.204913936093915	1.105187597504358	-0.3792824557444385	0.05388336240001319	-0.06281276415465746	-0.1402149756183778	0.04112938419364587	8.495266000680162e-18	2.953062535628048e-18	2.463123592089825e-16	-0.7792512333758046	0.6108763149151266	1.610258541499048	1.462105735811421	-0.5150118583057165	-0.4618056806483472	-0.1691058785518628
4.95	-3.213321644079031	-0.4946739397680333	0.7459710233263351	0.289961902429113	-0.1227197270739804	1.011471899681287	-0.03238463297798831	-0.06222554661890346	-0.0838747702497136	-0.02635866395826144	0.3194245943418558	0.3498573165215421	-2.370745198192175e-14	-1.113207606877006e-14	6.829115348440869e-15	-3.023086150645759	-0.2999287800798847	3.139921473633112	1.207228112636968	1.104156955951465	-0.3769403341185292	0.05721958285468173	-0.06583265990030285	-0.1392232833303693	0.04317654716273377	5.72778478622658e-18	5.150934339327533e-18	-1.218270195184027e-15	-0.7777308039716692	0.6106620830829952	1.611665965677962	1.461695092259236	-0.5272672897354128	-0.4624381274348907	-0.174170632055704
4.983000000000001	-3.213861307183723	-0.4919113410372991	0.7451873392431203	0.2896780072213535	-0.1227658324772692	1.011991232158547	-0.03219498805315719	-0.06277574557114897	-0.08403475769563418	-0.02463829311071422	0.3194376220521797	0.3541018758405132	-2.438728390736872e-14	-1.216932619379274e-14	6.044995477629666e-15	-3.024819376917235	-0.2999273566490023	3.139915391057689	1.209645828100435	1.10687810361288	-0.3719319240189795	0.06305558635437455	-0.06922201328530636	-0.1386599373380854	0.04538715678506582	-1.241068346882682e-15	2.515631125836379e-18	-6.718009666263366e-16	-0.7771587763995358	0.6084310177191691	1.613044871967411	1.461475676389194	-0.5369637208049299	-0.4641771625827438	-0.1797581470159935
5.016	-3.214265253709572	-0.4890441586726945	0.7433833343547571	0.2896522764813488	-0.1227404241628074	1.012334816705873	-0.03607224875300663	-0.0638080805794079	-0.09127209725447501	-0.02190636996610345	0.3219434084697086	0.3582553182185113	-2.495468498835211e-14	-1.247835011005831e-14	7.0003200592128e-15	-3.025699677062248	-0.2999267333987564	3.139913224006808	1.210212515942223	1.112421161506306	-0.3663333189756491	0.06952534883527411	-0.07218394766203912	-0.1386549644062671	0.04765446936031521	-1.325254207121686e-15	1.15708871532771e-18	-5.982660827353131e-16	-0.7783926416489256	0.6051526600008632	1.615055835693702	1.461890338656852	-0.5450181784825037	-0.4661411095094661	-0.1842970074067551
5.049	-3.21396281734869	-0.4882318118725688	0.7422446956909077	0.2898545646745937	-0.1226721379227612	1.012157627276477	-0.04080401041056253	-0.06466531368824582	-0.09890471135024276	-0.01984962218365881	0.3245329802980563	0.3623789560082755	-2.541234785629498e-14	-1.274192231481124e-14	8.705822807719786e-15	-3.02568172625363	-0.2999278490677419	3.139915794535503	1.20845346680303	1.121213296159071	-0.3615917045314918	0.07625773849133939	-0.0744202784760918	-0.1388491754624912	0.04987898334653799	-1.411053669945131e-15	-4.575242965665014e-19	-1.358556130795142e-15	-0.7800026788314786	0.6021816316097531	1.617030808234944	1.46274320432343	-0.5522020228507681	-0.4679707548597261	-0.1868023536890643
5.082	-3.212597934685153	-0.4906358009499747	0.7431194373196712	0.2901728769942513	-0.1225670535460453	1.01143021372266	-0.04155133907759885	-0.06532094733809458	-0.09847309800569568	-0.01990568755632958	0.3244230711536733	0.3665383550242808	-2.602220169129276e-14	-1.319786207182003e-14	9.514761938374332e-15	-3.025682267243053	-0.2999308489208103	3.139922740535598	1.205583940494465	1.133843151321337	-0.357133908686982	0.08329700993376088	-0.07604645129876086	-0.1387410592061583	0.05198920337446547	-1.500497557010186e-15	-1.81461793517075e-18	-9.171223843918298e-16	-0.7794451321674267	0.6007342736496415	1.617445785310694	1.463024807978996	-0.5587254629415294	-0.4694759315860131	-0.1873629570833853
5.115	-3.210641465123329	-0.4947921385197639	0.7454228557373584	0.2904771518350711	-0.1224413667416244	1.010608469982549	-0.03616430160049258	-0.06570654705618811	-0.08844222853035826	-0.02218625292950085	0.3211056375448639	0.3707822150225882	-2.61719573358761e-14	-1.377713147287083e-14	1.067184954542356e-14	-3.026640315039501	-0.2999362490114441	3.139931462395902	1.203381951219202	1.148016602686001	-0.3518285857590762	0.08886727590078614	-0.07733798860367763	-0.138305068592447	0.05392833551230514	-1.57337772865219e-15	-3.154767816065614e-18	-1.879983574356117e-16	-0.7763595106958102	0.6010990063350747	1.61599599347342	1.462038792998149	-0.5639666532546157	-0.4703199398661904	-0.1867721138271777
5.148000000000001	-3.209223926052008	-0.4975734981580784	0.7473938096290665	0.2906698257532579	-0.122331276220196	1.010263562943392	-0.02747106821879538	-0.06525172919958455	-0.07615174447935366	-0.02522123874237975	0.3169100968528931	0.3750985194183825	-2.688535499753695e-14	-1.402320019649085e-14	1.121654173757316e-14	-3.028621260490438	-0.2999429635463408	3.139937312947487	1.202964897895966	1.158942662602286	-0.3459895005759905	0.09013066177247044	-0.0785541553139474	-0.1382704971121517	0.05568341043479286	-1.576993642847615e-15	-1.124609374609104e-18	-1.01681749190748e-15	-0.7731799446511733	0.6023906416229221	1.613978116928275	1.460142176578016	-0.5664933033296506	-0.4705668454794599	-0.186154995539716
5.181	-3.20905339337085	-0.4972992279842226	0.748258895821352	0.2907520537572478	-0.1222703729930992	1.010521471093446	-0.02038016469593592	-0.06451007539475991	-0.06917018686986769	-0.02725478606531316	0.3145456947127601	0.3794083035030053	-2.807150844031125e-14	-1.421864031312453e-14	1.103048216320862e-14	-3.030833917494056	-0.2999472847792374	3.139937391686442	1.204192938691861	1.163458064016563	-0.3411170969806723	0.086541756864428	-0.07962487175109569	-0.1395786413302529	0.05731622656962153	-1.575941286627429e-15	-4.401086956736567e-19	-4.83514734353225e-16	-0.7722281754426275	0.6033074852367417	1.612517805465471	1.457919263896506	-0.5650995314544376	-0.4716548529335286	-0.1859987043133557
5.214	-3.209678336020267	-0.495385185404201	0.7490109806310683	0.290812121710756	-0.1222780617430936	1.010963397277162	-0.01683455540752011	-0.0653844799528655	-0.06772138400580953	-0.02768497153471182	0.3145439259288607	0.3836373189979536	-2.762444102883953e-14	-1.495383680479108e-14	1.058173864162343e-14	-3.032449374898631	-0.2999472697269418	3.139934535636285	1.205870021425695	1.163052001600962	-0.3379057580751223	0.08118874793556878	-0.08014464603654331	-0.1424175332386403	0.05892082423509974	-1.568414369845248e-15	-1.682828809716699e-18	-4.165495234827258e-16	-0.7731591894593959	0.6034930623299993	1.611264136200902	1.455390701511507	-0.5595915378101881	-0.4761634983225244	-0.1857102926093737
5.247	-3.21008993895925	-0.494499863647036	0.7510313580556054	0.2909248617527421	-0.1223573152409805	1.01112633817136	-0.0147378253688091	-0.06891106002410638	-0.06636166994453351	-0.0273223428946041	0.3153280863105191	0.3877870704165557	-2.875337519466434e-14	-1.501665155159372e-14	1.092731609848167e-14	-3.033252154877881	-0.2999449525888946	3.139934318354409	1.206653962746021	1.162584199554508	-0.335325171334497	0.07801444373789217	-0.07998033163905742	-0.1459403786493156	0.06054568418315207	-1.567963633282706e-15	-1.292983746114472e-18	-8.247029871718441e-16	-0.7735009862278122	0.6039622132750389	1.608748270176259	1.45239686884297	-0.5500908825421009	-0.4860522052095397	-0.1846181107762458
5.28	-3.209845696874795	-0.4957013671598026	0.754387548516672	0.2910975414811592	-0.1225050430755044	1.010969026892654	-0.01140438801681038	-0.07416392645141352	-0.06083754585104611	-0.02749910311111117	0.3154198584123598	0.3919169180889765	-3.037218231283854e-14	-1.595748952027001e-14	1.150758100651984e-14	-3.033411276861645	-0.2999431693727673	3.139938548990284	1.206046846015804	1.16628304560809	-0.3318944548613703	0.07826193570838974	-0.07978780713601873	-0.1490505756759692	0.06217108240293128	-1.563417274287912e-15	-2.29655912969203e-18	-6.706466778384739e-16	-0.7712506083704955	0.6058523472390446	1.603405912148613	1.449170234004263	-0.5361010743615754	-0.5013380196868453	-0.1825927069589484
5.313000000000001	-3.209385271566098	-0.4979195840239652	0.7576557154715406	0.2912972729513743	-0.1227120522665159	1.010776553929183	-0.00668141055176774	-0.07930569208043399	-0.05225398240667335	-0.02893007370206938	0.3151226115003125	0.396055361395946	-3.080337616359832e-14	-1.738597916130669e-14	1.149332030300832e-14	-3.032810241197953	-0.2999423200841371	3.139943367724864	1.204687130964938	1.174391720238871	-0.3271299579308566	0.07951380159124147	-0.08069215051005021	-0.1513375723284706	0.06376208048727827	-1.570882734204058e-15	1.419510686413112e-18	-2.181066084839442e-15	-0.7669195471362544	0.6091873255905963	1.594422250276566	1.446407471075433	-0.5162326587239416	-0.5205094531985845	-0.1794933570078222
5.346	-3.20938648302198	-0.4992424618321883	0.759268260725669	0.2914638067342379	-0.1229286470643826	1.010836243628398	-0.002857652208365443	-0.08311973266945019	-0.04540608011555765	-0.03138493070455008	0.31593435981152	0.400148931084579	-3.129024007723437e-14	-1.812643380696642e-14	1.0727610380368e-14	-3.031083445225133	-0.299941004405606	3.139943148915681	1.203601849650732	1.182793224650396	-0.3213275219454416	0.0775293963493304	-0.08345218901400595	-0.1532267605356711	0.06532170009679045	-1.319625405829229e-15	-1.950477027615181e-18	-1.905898391018156e-15	-0.7632391767697403	0.6129092545274611	1.582000237818493	1.444787015346649	-0.487735441016748	-0.5420665445551573	-0.1746612523528979
5.379	-3.210029414400918	-0.4980279958653164	0.7587249922810022	0.2915214669960088	-0.1230731296045651	1.011283745491476	-0.002445082360072845	-0.08569709402772269	-0.04500108714036252	-0.03400306191208757	0.3189130310708987	0.4040995455185072	-3.116754947008864e-14	-1.898517040649142e-14	1.025196390366997e-14	-3.02816696097554	-0.2999384017636492	3.139935994687201	1.203019700663956	1.186072576397843	-0.3152431753571378	0.06937611950155835	-0.08782555472728015	-0.1555351827123677	0.06688798917595157	-5.129001194399427e-16	-3.013784004333089e-18	-2.187983258410688e-15	-0.7630703034983827	0.6157220767184156	1.566761009239467	1.443960856775184	-0.4463911959354667	-0.5651234132366789	-0.166607748982757
5.412	-3.210921535784784	-0.4937439663170642	0.7567767247732069	0.2914389049799174	-0.1231198148026518	1.01205675221685	-0.005914142157173789	-0.08857013978906035	-0.05309052538695182	-0.03569965910040865	0.3239610373252725	0.4078255151754535	-3.153801139744616e-14	-1.915916194371351e-14	1.06514805027779e-14	-3.024337900123554	-0.2999346951006345	3.13992505747614	1.202289765548373	1.181510806487458	-0.3104656956513926	0.05585797929402277	-0.0925858875847409	-0.1590165074897239	0.06850679815953019	-9.706676577614544e-16	-1.823105411946806e-18	-2.002849130942496e-15	-0.7675474292657872	0.6170920158863459	1.548882267447289	1.441998953057648	-0.3881082170324814	-0.5877143741292185	-0.15283452831692
5.445	-3.211616009937218	-0.4874530460237161	0.7549072349093806	0.2912710639283279	-0.1230976869121902	1.012932148397483	-0.01152453459056698	-0.09406193337470178	-0.0673673252608136	-0.03600956964865888	0.3300788223099878	0.4112736109686509	-3.143568436968285e-14	-1.971293446630552e-14	1.040824639115075e-14	-3.020145835053044	-0.2999294233211598	3.139913178930901	1.200837798063065	1.170380266589186	-0.3088302022007674	0.04120212241586079	-0.09632171391371645	-0.1639358470280752	0.07022518431581769	-1.645814009313928e-15	5.548184737533821e-18	-1.496299677023745e-15	-0.7753183608738571	0.6176804524888371	1.528124155465639	1.436269234617557	-0.3109141872672856	-0.6084974720265295	-0.1308136979221439
5.478000000000001	-3.212078752878249	-0.4810854697457291	0.7544986549728464	0.291120149727515	-0.1230045762395925	1.013701692128117	-0.01762168518696076	-0.1032597263630197	-0.08184867679547234	-0.03573381952632113	0.3358769973006134	0.4144482991292699	-3.136893948519483e-14	-2.081374968102264e-14	1.043019737215543e-14	-3.016629126457225	-0.2999229087478734	3.139901068667005	1.198530968878981	1.155694222547434	-0.3115742600010359	0.02994821448330504	-0.09847714345043496	-0.1697793713930379	0.07205261634256876	-2.317795533730548e-15	7.787884985044719e-18	-1.599974755380093e-15	-0.7836977777291946	0.61866659520836	1.504637768827068	1.424864080687968	-0.2154672037057752	-0.625845591484129	-0.09973682144582172
5.511	-3.21255711904153	-0.4758931985132994	0.7559899012396881	0.2910248662682054	-0.1228739499030451	1.014312037946219	-0.02383539641504212	-0.1147523606474235	-0.09141323130006622	-0.03592548439816844	0.3403158349020801	0.4174134562366271	-3.175464016976556e-14	-2.14423986364343e-14	1.184844293114385e-14	-3.014702068619099	-0.299917024732911	3.13989027549263	1.19542367888347	1.139902923204278	-0.3192598032198525	0.02441223468221587	-0.09934867430305866	-0.1756888319223825	0.07395029771645996	-3.016047678988854e-15	2.134156503745471e-18	-1.628073238544402e-15	-0.7907735416687263	0.6206608532077993	1.47913761688579	1.406919306786219	-0.1048434137714883	-0.6388401881415293	-0.06074560063883241
5.544	-3.213261696235468	-0.4720958698968444	0.758743863353133	0.2909578157347672	-0.1228643420934931	1.014782581326065	-0.03003394725175682	-0.1260838000669581	-0.09548104409438067	-0.03664551003629689	0.3434053954441132	0.4202890052931663	-3.112527710355854e-14	-2.096801244594011e-14	1.273842932582403e-14	-3.014051548448053	-0.2999149283838004	3.139886046308261	1.191731786992783	1.125281491861222	-0.3312938196431603	0.02476705960181266	-0.09954214087605731	-0.1810261158278615	0.07584900499419948	-4.288878922912447e-15	-1.177687524037e-18	-1.486482415534023e-15	-0.7958595991861087	0.6234044622045321	1.452310836940355	1.382476656392956	0.01566348575667152	-0.6469627805177955	-0.0155147675730059
5.577	-3.21421347914767	-0.4698956532489312	0.7616850491846727	0.2909388098536351	-0.1230932646432408	1.015036455712298	-0.03604322964687265	-0.135233657409315	-0.09624610304497463	-0.03739264089930716	0.3458144402677412	0.4232140036816077	-3.084848263303126e-14	-2.18605821923098e-14	1.435046293915898e-14	-3.013467109845078	-0.2999183655317973	3.139891015908534	1.188052578283372	1.114388255640164	-0.3451048570757907	0.02998399632145204	-0.09962193709046464	-0.1853797620660615	0.07768679237198045	-5.60745223712731e-15	6.407812520950173e-18	-1.471198871037516e-15	-0.7982034525287296	0.6262346979509464	1.424920233080767	1.352967161757289	0.1395150268528975	-0.6489649087291788	0.03464387553297555
5.61	-3.2153024096731	-0.4698256012781442	0.7639909414479953	0.2910382844304939	-0.1234807412904186	1.014970592323732	-0.04198878563018212	-0.1409653101889571	-0.09544598271306601	-0.03808870811114507	0.3479698244640567	0.4262177994335807	-3.055217131396391e-14	-2.228964256773431e-14	1.443429946501947e-14	-3.012155755388362	-0.2999246697525309	3.139898383515425	1.185369800259669	1.108087921791572	-0.3572642496989328	0.03771192769589045	-0.09977445423952183	-0.1884127702254944	0.07946709067508621	-6.424864654518168e-15	1.890232405066033e-18	-1.029055381309491e-15	-0.7972856285107898	0.6283195274920294	1.398895935327914	1.321855091669776	0.260254166370675	-0.6429622918405805	0.08790029790338286
5.643000000000001	-3.216347693887798	-0.47179173000529	0.7652353560761218	0.2912623235872021	-0.1238239944110969	1.014664347805151	-0.04775522696323395	-0.1434918976501153	-0.09406132147480546	-0.03903820959458932	0.350056987304095	0.4291494398740828	-3.170195635675596e-14	-2.002634627317057e-14	1.320089933377831e-14	-3.010049579170296	-0.299928409821036	3.139898402318662	1.184429409122187	1.104105960583041	-0.366272475169504	0.04425161484024906	-0.09948785842209079	-0.1900644657106526	0.08126428404640364	-6.628802064239092e-15	9.789461802811088e-19	-1.107654878079353e-15	-0.7944647077367255	0.6287759668133244	1.377278191758389	1.293805577837975	0.3720078042472248	-0.6279248434036999	0.1412078915859279
5.676	-3.217146482485796	-0.4745993130669899	0.7654456776072182	0.291520358024293	-0.1239646635553937	1.014343263217844	-0.05254639693856182	-0.1444705931936908	-0.09268841457646694	-0.04032121685594839	0.3523446437649021	0.4318076225229704	-3.065602616096502e-14	-1.976209398393638e-14	1.524454773462158e-14	-3.007280075211796	-0.2999271838072258	3.139889577699558	1.185268670570065	1.099082344663262	-0.3730682571539211	0.04654723862674707	-0.09774986006071332	-0.1906683763930211	0.08315435993405552	-6.986457271356706e-15	4.103265644686394e-18	-1.287238972008697e-15	-0.7922095707528709	0.6271361487960674	1.362419039187429	1.272072742878266	0.4696968847335312	-0.6042706334766694	0.1911562847858579
5.709000000000001	-3.217632679637106	-0.4768124499783661	0.7652728008704482	0.2916933232081404	-0.1238937685287616	1.014166894569501	-0.0553265174926231	-0.1455794174533279	-0.09085148533053741	-0.04164466453653833	0.3549247646764327	0.4340999059967059	-3.070036087833451e-14	-1.836588172101834e-14	1.631004966030354e-14	-3.004028594551478	-0.2999231716831678	3.139877816750533	1.187531480090934	1.091834114938325	-0.3786161163675411	0.04441772864629011	-0.09377027847093108	-0.1905526949036278	0.08516814217460515	-6.590752739976296e-15	3.388356994192411e-18	-1.975948010900578e-15	-0.7916157320390924	0.6235253757864528	1.3545259413631	1.256778352982722	0.5494069180374469	-0.5734272834463573	0.234728594691526
5.742	-3.217972239509718	-0.4776589670302681	0.7655038354574771	0.2917036459857529	-0.1237158012886949	1.01415182639358	-0.05554937456702978	-0.1473842983872812	-0.08741936139084186	-0.04267885533352779	0.3574421611920115	0.4360578452449984	-2.969011433827538e-14	-1.731041969450901e-14	1.606681956860055e-14	-3.000801418915019	-0.2999191730620657	3.139868266260307	1.190621408734326	1.084388439166637	-0.3819608543459614	0.04018507715981426	-0.08766488849478871	-0.1896184324865867	0.08730615100366319	-6.908458438480747e-15	1.102276300606104e-17	-2.018693331272227e-15	-0.7918414012235351	0.6184130815077932	1.351782629788544	1.245965593683625	0.609502226999614	-0.5374625694990448	0.2698507245413075
5.775	-3.218388575231788	-0.4772194521142127	0.7661348125974662	0.2915794654657983	-0.1235537405444705	1.014223989379022	-0.0534738055977047	-0.1494675759402766	-0.08230401455849196	-0.04339657566718021	0.3593604810935969	0.437804289295582	-2.915139856803017e-14	-1.617210993098574e-14	1.558939281374352e-14	-2.998295343448857	-0.2999167685568696	3.139863445790458	1.193379218302301	1.079854771780837	-0.3809263754919963	0.03612214603869979	-0.08067009027360901	-0.1875982363701321	0.08953580749371451	-6.938523706930538e-15	-1.278875287774038e-17	-2.314363385579648e-15	-0.7916215906563928	0.6127339988538459	1.351543182712004	1.237818123958045	0.6522154734444399	-0.4980837121220643	0.2962389889697701
5.808	-3.218914238642396	-0.476009600140257	0.766347298366718	0.2914480746506016	-0.1234649627427698	1.014321064795561	-0.04996268069650217	-0.151039621928764	-0.0768957683587954	-0.04397864971365698	0.3603936761474004	0.4395132356451543	-2.7374417334192e-14	-1.465129079689e-14	1.513770036436343e-14	-2.996909883820151	-0.2999166388674744	3.13986388443084	1.194464351478783	1.079209167639222	-0.3750155875963427	0.03242678798358693	-0.07461426820664457	-0.1846857112812068	0.09177108805178996	-7.444112752626013e-15	1.798611121051252e-17	-2.240809316145882e-15	-0.7906593888307242	0.6078353155484526	1.351693922179971	1.231916357824826	0.6831237833970875	-0.4558435045495918	0.3154149959584451
5.841	-3.219449173651454	-0.4742268291819198	0.7655580530872969	0.2913980583937139	-0.1234088164712561	1.01449445185256	-0.04620426611555922	-0.151550364950763	-0.07301859842968722	-0.04427852527158319	0.3608422985638997	0.441288209795016	-2.703645743860754e-14	-1.38992530305439e-14	1.371781090204992e-14	-2.996603599080518	-0.2999177037814106	3.139866293978816	1.193544985795112	1.080805582265016	-0.366929336905636	0.02768260442931858	-0.07090321229407555	-0.181535299333913	0.09392064745177474	-7.31152197988319e-15	-1.475656131133173e-17	-8.366448066704272e-16	-0.7894963964660623	0.6044274733349169	1.351322649218568	1.228907686006564	0.7081077862417323	-0.4113215012599538	0.3294191840001014
5.874000000000001	-3.219961093750791	-0.4717208795896115	0.7641080858736189	0.2914095766249816	-0.1233459208972472	1.014835497623163	-0.0436383886358449	-0.1510171550319355	-0.07198602822662584	-0.04371872849194828	0.3616891122362347	0.4431117413368308	-2.600361573519623e-14	-1.356496527435681e-14	1.354561166759744e-14	-2.996863867393432	-0.2999183968261043	3.13986753279533	1.191553569795057	1.082694886703092	-0.3602205588783962	0.02109472859888646	-0.06994918182651405	-0.1787085033749913	0.09594829824202016	-7.543592168363677e-15	2.266402279961669e-17	-9.512059609422903e-16	-0.7883026556030568	0.601991721275888	1.350176988807088	1.22896685897901	0.7307256069678679	-0.3665698848024712	0.3395373364800531
5.907	-3.220361363782888	-0.4688063243605078	0.7627261314024909	0.291451327322156	-0.1232985699176693	1.015280729959974	-0.04348651296716258	-0.1497144906124519	-0.07409857344789475	-0.04202507535713987	0.3638084203273944	0.4449343642753006	-2.493256420458588e-14	-1.252999896359584e-14	1.419377142307386e-14	-2.996807155100303	-0.2999182452791788	3.139868219663413	1.189555960254161	1.084052279335495	-0.3565203067101908	0.01385138201070938	-0.07125541994662586	-0.1765928002156672	0.0978658032284192	-7.704400248205292e-15	-1.345232835365348e-17	-1.001275162651401e-15	-0.7866349460922675	0.5998704704364584	1.347786495638367	1.230963603667443	0.7519676442916131	-0.3243563557872858	0.346254195729134
5.94	-3.220398027152573	-0.4664792962089547	0.7618973060496432	0.2915379183443821	-0.1232840858367563	1.01561951505275	-0.0456934532042861	-0.1476965441493928	-0.07845212526102401	-0.03976029696793731	0.3667944611618856	0.4467521980271617	-2.468094967650964e-14	-1.114354549272077e-14	1.432103758912577e-14	-2.995920977919759	-0.2999180676293411	3.139869862940623	1.187864078279984	1.084854974281966	-0.3556539262225948	0.008102063086031201	-0.07369203256908093	-0.1755780372402524	0.09969369041072305	-7.269282698161069e-15	1.214709640154815e-17	-9.8301539993877e-16	-0.784530880689971	0.5982040740387383	1.343954034615828	1.233520615685526	0.7713116871696182	-0.2867075646567938	0.3499533886002038
5.973	-3.219837845196659	-0.465559097954171	0.7619149203363392	0.2916748762806097	-0.1232676872567558	1.015717102807473	-0.04895160394472058	-0.144653096699017	-0.08335568172291125	-0.03788642255711097	0.3691400194092031	0.4485744997956058	-2.424671149897635e-14	-1.040693076997424e-14	1.454910347583312e-14	-2.994563927766899	-0.2999187674371737	3.139871482020074	1.186274782315709	1.085824363085929	-0.3567601509965549	0.005225332318546213	-0.07589331329577777	-0.1758184480409621	0.1014559387268682	-6.415092873292859e-15	-1.144023354906686e-17	-1.773900753481858e-16	-0.7831139780023073	0.5974426154285544	1.339755572176244	1.236423231498672	0.7878510255691589	-0.2542982519986797	0.3515145125288556
6.006	-3.218750447321496	-0.4659559344626744	0.7627975698959455	0.2918258789266687	-0.1232026403389372	1.015639162442321	-0.05199735666437176	-0.1402492207125242	-0.08708512560184307	-0.03708186747616232	0.3695719450858192	0.4503643558200292	-2.412080266117861e-14	-9.787059320606533e-15	1.386889191874879e-14	-2.993484368334023	-0.2999198466360434	3.139870802878302	1.18480646580053	1.088375821016335	-0.3585732737777539	0.005414824924677744	-0.07676871918135936	-0.1771119780776831	0.1031919575134776	-5.741422873254948e-15	2.078049631658568e-17	-1.032733207960843e-15	-0.7838635647877891	0.5976889924634807	1.336950189952532	1.240389466096043	0.8011599222702671	-0.2267997801261616	0.3525932512670162
6.039000000000001	-3.217611063537193	-0.4669216613646278	0.7640412351856879	0.2919202160166544	-0.1231097148230489	1.015533153220582	-0.05384828454380251	-0.1349045989596071	-0.08857670799544447	-0.03750605587267468	0.3678015408666082	0.4520653449472208	-2.529291672887639e-14	-9.414352915485952e-15	1.45643010356655e-14	-2.993232412740334	-0.2999201899071886	3.139867720573002	1.183879941671131	1.093412732508371	-0.3597102028931263	0.00791632389057062	-0.07587617792966929	-0.1792593789992403	0.1049357703040353	-5.172645220665452e-15	-1.775098622326403e-17	-1.08045857924699e-15	-0.7873987516023701	0.5988660928093815	1.336430643705009	1.245595454901323	0.8114250673352387	-0.2036001380528921	0.3551017651042566
6.072	-3.216977964936854	-0.4677691902091908	0.7648934961464782	0.2918927460695445	-0.1230767467873466	1.015484920432153	-0.05339439050501163	-0.130167793067207	-0.08813972761839882	-0.03877968723281838	0.364567672189432	0.4536573710435089	-2.489443575925528e-14	-1.035460245805828e-14	1.497402863337365e-14	-2.993969996217746	-0.2999197410656548	3.139864384669352	1.183737650492376	1.100011846672109	-0.3595150926089992	0.01105823153560364	-0.07342470369732772	-0.1822148980853021	0.1066870652081068	-5.999015489890585e-15	1.901178225409634e-17	-4.786809596013547e-16	-0.793188917217337	0.6009853520743027	1.337745111144593	1.251122353964349	0.8189908475851251	-0.1842267215895472	0.3599699028405592
6.105	-3.217118551488628	-0.4681946335659511	0.7650094071682144	0.291742724524109	-0.1231662778010548	1.015528405038504	-0.0504316282674738	-0.1280191187318062	-0.08711279549464861	-0.04024354397136425	0.3613198066882465	0.4551389705621043	-2.495826892247736e-14	-9.970955994383999e-15	1.52383696044613e-14	-2.99543920490359	-0.2999188476385045	3.139861622713203	1.184220192018491	1.105845312619363	-0.3584816553270826	0.01320135371694546	-0.07007527842617266	-0.1857228351516463	0.108423537652319	-5.12989365702066e-15	-1.04831495161891e-17	-2.645311794742751e-15	-0.7999614911916458	0.6038312620144717	1.339752458601051	1.255867724650904	0.8240983401075597	-0.1682740679103851	0.3664563153990665
6.138	-3.21795285404515	-0.4681399818849081	0.7647400626815821	0.2915441045899576	-0.1233607766711489	1.015679968841132	-0.04641823318051976	-0.1294356511104163	-0.08644419194598266	-0.04132445861136648	0.3593341622137546	0.4564996623874943	-2.370690896707836e-14	-9.870618406535331e-15	1.399821257910026e-14	-2.997162271901505	-0.2999177115295896	3.139858783887957	1.185247867339392	1.109342043851431	-0.3573756519627988	0.0141781579784186	-0.06678751338614314	-0.1891742807742743	0.110131027361422	-5.386257160784404e-15	-6.479113325722039e-18	-4.184224424557795e-15	-0.8059916884784172	0.6067340732652148	1.341507591631663	1.25931464595723	0.8270515023210563	-0.1550479175520316	0.3728870201690335
6.171	-3.219086257643835	-0.4676443751274941	0.7644192683351005	0.2914201913055628	-0.1235894836082247	1.015912749649079	-0.04342386257069922	-0.1334891869818532	-0.08676000909986117	-0.04160152520355164	0.3590692586791985	0.4577527378415306	-2.492692179631502e-14	-9.458298220175181e-15	1.497306418242781e-14	-2.998625594460636	-0.2999169730035964	3.139856675984964	1.186846208941708	1.110864660614277	-0.3561204106709492	0.01492045490659635	-0.06451401221584273	-0.1921507414323526	0.1118050682058402	-6.104010227696433e-15	-7.835338716055852e-18	-3.57424959269374e-15	-0.8101575331508554	0.6091272080406899	1.3429157850912	1.261569478254172	0.8283361593410719	-0.1434599400495395	0.3782634169098575
6.204000000000001	-3.219992121076965	-0.4668330554531706	0.763762007270036	0.2914655671595376	-0.12379953216526	1.016151751909404	-0.04299044458086436	-0.1383822659651951	-0.08934419785926262	-0.04097543956907913	0.3602120385250789	0.4589807964942789	-2.510894209682045e-14	-8.870840182577585e-15	1.367610293308463e-14	-2.999409525568851	-0.2999176153610189	3.139857217243055	1.188562725262751	1.111452819491298	-0.354079810541451	0.01598705645522253	-0.06374985644296716	-0.1948059798134838	0.1134277834475923	-6.768073346538864e-15	-6.157143803341105e-18	-4.249162015365908e-15	-0.8129422558076849	0.6110766692860607	1.34462987544688	1.263161402147584	0.8283932493577343	-0.1326546562684763	0.3829851502338266
6.237	-3.220417190118612	-0.4659073571567225	0.7626092022136952	0.2916296051492806	-0.1239892348044527	1.016315373005623	-0.04533544241024084	-0.1430292027981564	-0.09491268347530531	-0.03989768220985683	0.3618552487238657	0.4603236739365856	-2.398597304858821e-14	-7.779158718480526e-15	1.219514074947105e-14	-2.99961007556174	-0.2999203973650018	3.139861101545838	1.189501221562793	1.111403927400858	-0.3511983947763012	0.01714004669918492	-0.06430659408272493	-0.1974907381397904	0.114961083944714	-6.955810592959803e-15	-8.546374654276615e-18	-3.848328075450672e-15	-0.815522074751153	0.6129515112737134	1.347262372679153	1.264683906813182	0.8274895235907098	-0.1226039223477604	0.3877894595496783
6.27	-3.220596380513889	-0.4650238625823941	0.7616033598553489	0.2917307240436046	-0.1241691568923046	1.01637807790776	-0.04886680466356778	-0.1470308284614573	-0.101620515644578	-0.0390543364681281	0.3629725036770803	0.4618944601155714	-2.621423020962144e-14	-7.560021475914514e-15	1.276387738320412e-14	-2.999904446031636	-0.2999250290567749	3.139867230822856	1.189268132682035	1.110466023152967	-0.3486352109048407	0.01783081528344539	-0.06539733152337344	-0.2002565071222955	0.1163715670563601	-6.802935904824818e-15	-1.276304696900905e-18	-2.108180725096592e-15	-0.8183100493545716	0.6148505447742943	1.350690614176222	1.266414022872168	0.8258256196568619	-0.1137896931108307	0.3924216754073278
6.303	-3.220985196710099	-0.4641747742520431	0.7615121701637603	0.2916328595102313	-0.124321932178702	1.016387557673132	-0.05137410536629667	-0.1499650200697412	-0.1060835107924756	-0.03868163207735089	0.3631817052688272	0.4636728291328306	-2.593904797705999e-14	-7.080955042968151e-15	1.127807677178287e-14	-3.000822101213323	-0.299929549832255	3.139872960489175	1.188564072210127	1.108963132470689	-0.3483412132468125	0.0179541898301939	-0.06599948372647373	-0.2028025425739656	0.1176662654133299	-6.987628974709469e-15	3.860901084304966e-18	-3.892367611078592e-15	-0.8209272412330689	0.6165404996500736	1.354056127596003	1.268225849806685	0.8235097245713585	-0.1065460156114713	0.3958781634998906
6.336	-3.221789707444127	-0.4633907351122236	0.7622371984743745	0.2913854302477923	-0.1243986734002938	1.016384844808737	-0.05214552612311735	-0.1515206917279518	-0.1065801791606723	-0.03842047485507399	0.3627583252251113	0.4654832135711895	-2.444232943076147e-14	-6.381958675428147e-15	9.170119290729887e-15	-3.002237820074042	-0.2999313998281117	3.139875032005897	1.188561064941826	1.108296916784106	-0.3514409512375061	0.01826160857515603	-0.06546979473189354	-0.2048273394495303	0.1189027284489312	-5.666034006661249e-15	-2.517648072015389e-18	-6.344502200321633e-15	-0.8231416813647333	0.6178388244752566	1.356445987512621	1.269993161846256	0.8205844966692526	-0.1008116306026539	0.3977189097250099
6.369000000000001	-3.222795829893395	-0.4629902103681977	0.7628595463380051	0.2911610945859644	-0.1243771671634744	1.016335561870227	-0.05223280139078863	-0.1524078172364228	-0.1047334708555943	-0.03792197786833291	0.3619769079201439	0.4671273343142658	-2.364812426583635e-14	-6.198511666162773e-15	8.630264261605416e-15	-3.003733715442904	-0.2999299859703763	3.139872504936947	1.189762441579689	1.109794823133926	-0.3567344215305087	0.019767628036194	-0.06396108349114193	-0.2063620110262604	0.1201491976723893	-6.536867617221221e-15	2.533121494017932e-18	-6.779501595470313e-15	-0.8254007887804188	0.6188503873365795	1.357592556919668	1.271977925727855	0.8172360834531955	-0.09633235728323193	0.3984859357252727
6.402	-3.223492510077767	-0.4632809063234116	0.7625075928947157	0.2910877666364873	-0.1243286862093451	1.016185788778808	-0.05251530734638327	-0.1549936616924879	-0.1052071981624348	-0.03698231928628685	0.361285508262232	0.4685310535289464	-2.422340643682551e-14	-6.185650399754219e-15	7.86637248398806e-15	-3.004862609732271	-0.2999274964249543	3.139868477780609	1.191452886304629	1.11328688315804	-0.3608147140469659	0.02259915330127778	-0.0620520156801458	-0.2077069981389844	0.1214383749786838	-4.504627455078476e-15	5.47719214962067e-18	-6.336405353584277e-15	-0.828828741419485	0.6198118581703288	1.3582060501354	1.274658642168056	0.8138062649209911	-0.09279804114977896	0.3988146740773638
6.435	-3.223323394474028	-0.4641987851045613	0.7608201265954676	0.2912022337816308	-0.1243386945607357	1.015937165499263	-0.05260636214657127	-0.1625675461186668	-0.1139742929483509	-0.03510945787250879	0.3618381578645264	0.469725828241372	-2.452209296268824e-14	-6.126388033800466e-15	8.119787795997709e-15	-3.00495036730596	-0.2999261625848453	3.139866388190676	1.192265043516581	1.117301414138557	-0.3597633006202862	0.02547922460256798	-0.05994173295802274	-0.2092299689208801	0.1227683514897922	-6.664157560300743e-15	-1.049272055264987e-18	-9.13014655838276e-15	-0.8351639250827199	0.6210280345232456	1.35983847954732	1.278584719643789	0.810679259594598	-0.08963334640984141	0.3987645444606883
6.468	-3.222106235610178	-0.4656047764412131	0.7580362881268745	0.2914934626233409	-0.1243727488969522	1.015597797373698	-0.05230130218420942	-0.1773428590392439	-0.1340441484875609	-0.03210240403361931	0.3643834413104599	0.4707701591268704	-2.447020915309502e-14	-4.658516851269197e-15	7.38872178973352e-15	-3.00360934524347	-0.2999261307092288	3.139865823724799	1.191402595772708	1.120417629781997	-0.351747084437339	0.02681872093462171	-0.05738166853868491	-0.2112500851263375	0.1241195179972844	-7.223976991575972e-15	-2.476211904463871e-18	-8.133785785525009e-15	-0.8455548105249264	0.6229790784809609	1.363825222003861	1.284253410812341	0.8081444716935305	-0.08618994147958388	0.3981564516778037
